index,protein,ec
0,YLL063C,0.00022796352889763923
1,YLR413W,0.116425791761711
2,YLR370C,0.0015517801805288011
3,YDR331W,7.731196039267243e-05
4,YGR187C,1.0165042736875628e-39
5,YBR288C,2.1761859156024666e-07
6,YPR168W,4.788895754698283e-08
7,YFL026W,3.4470919030766874e-06
8,YKL048C,3.426319513394761e-49
9,YPR075C,0.0014375046905550806
10,YER099C,1.0888522318286037e-24
11,YDR334W,4.326970999446542e-40
12,YFR041C,6.148737021854542e-06
13,YOR357C,0.0016022848503707602
14,YGL263W,2.0936066901327137e-48
15,YER113C,0.0005482547831140037
16,YER029C,7.018713631933878e-48
17,YML112W,9.806707520165692e-49
18,YDR365C,3.0798780507990545e-12
19,YDL224C,0.0008051494368117101
20,YKR071C,7.70504031515269e-08
21,YPR106W,8.021748338461467e-05
22,YDR068W,0.004352400362251427
23,YPL010W,0.003369221213831169
24,YBR155W,7.548674569187336e-40
25,YOR294W,1.1894035190858182e-06
26,YDL182W,1.1466598853608413e-37
27,YLR450W,1.165335513672163e-07
28,YIL044C,2.39570281584027e-05
29,YPL112C,0.00029035949598999367
30,YPL203W,2.4826789774757436e-08
31,YGL141W,7.0548175461608045e-40
32,YJR138W,0.00015096285814603392
33,YLL011W,1.9182349263692785e-07
34,YDL208W,4.9641668173086916e-05
35,YKR026C,7.085621869394424e-07
36,YNL197C,0.010313884656730443
37,YGR120C,2.0960767078040987e-49
38,YCR084C,2.323022664057519e-46
39,YPL004C,0.09430080835221977
40,YLR084C,4.349438743403981e-43
41,YBR132C,0.0035539120580892897
42,YFL005W,0.005635898515746522
43,YIL068C,0.00017336926305671713
44,YDR226W,3.730537682273642e-05
45,YOR039W,1.2565214839108596e-28
46,YOR076C,3.16325263028386e-50
47,YLR110C,0.0013356051448225013
48,YLR033W,4.267405478004647e-05
49,YKL054C,0.008751399364925855
50,YDR150W,1.6670516101478698e-42
51,YNL110C,5.315993695019717e-08
52,YIL103W,5.522731725133451e-47
53,YBL028C,1.7231834217390536e-06
54,YOL125W,7.35239843632022e-05
55,YGL256W,0.0002846100569537742
56,YOR087W,4.670758113751295e-05
57,YMR120C,0.006360273076806737
58,YMR300C,0.00019472171898666176
59,YKL010C,0.006087800149879723
60,YPL227C,0.0019211566348230338
61,YAL041W,0.0005542527118536585
62,YGL056C,0.08088774589222644
63,YKR100C,0.003977881967170608
64,YLR166C,9.76648647719007e-08
65,YOR153W,0.08643575408995434
66,YPR128C,0.00020644115927868006
67,YBL017C,0.006027726264936047
68,YDL248W,6.520710051613561e-11
69,YGR096W,4.246030140446428e-40
70,YOR054C,0.015044606603229961
71,YDL212W,0.011703290375166238
72,YCR095C,1.826347391371543e-45
73,YCL055W,0.0002657795265947335
74,YDL199C,0.00022875535858636698
75,YHL009C,1.0760227833526855e-10
76,YML017W,3.166548333266122e-05
77,YMR026C,0.0001217266292044739
78,YDL111C,5.104051865568673e-07
79,YCR057C,9.046623697810692e-09
80,YCR093W,0.008329405090714866
81,YNL078W,0.0
82,YAL009W,1.1510455267425282e-41
83,YHR042W,0.003702049737424727
84,YDR412W,4.003625791239132e-07
85,YLR409C,1.9038051113177053e-10
86,YBR068C,0.0095889484991566
87,YLR138W,0.004958095248573539
88,YHL002W,4.981331600213121e-38
89,YCR092C,9.844021007052936e-08
90,YPR113W,0.01897835220634298
91,YKR097W,0.00022799829110123254
92,YDL100C,9.887973242074397e-06
93,YGR232W,1.8127966746432317e-08
94,YHR025W,1.9974103993697607e-05
95,YBR077C,0.00011543279497356047
96,YMR015C,0.005635337417427077
97,YJL127C,8.765665069094174e-49
98,YML093W,4.3042053164548294e-09
99,YER157W,0.0035496293894375017
100,YMR136W,2.030453784727712e-08
101,YJL154C,0.0016609664970643292
102,YMR290C,1.9930160123145574e-06
103,YGR205W,5.29340687901477e-42
104,YJL082W,0.0002257059106223241
105,YHR096C,0.08580156517299432
106,YOL081W,2.6163131100644607e-44
107,YHR156C,0.0
108,YMR229C,3.1844969151520493e-06
109,YGR036C,8.26461765761995e-41
110,YKL159C,7.172452036494391e-38
111,YLR221C,0.005358137121588719
112,YDR397C,4.656238698457742e-08
113,YNL339C,0.002833493806309846
114,YDR380W,0.0005349430912387734
115,YBR097W,6.770653575002285e-48
116,YJL092W,0.0
117,YBR234C,0.006950419533780878
118,YIL034C,0.0009005893320038835
119,YOR267C,3.4497723837580706e-06
120,YJR091C,6.808674551849993e-05
121,YLR066W,1.830907704062336e-46
122,YLR384C,1.4360829442157016e-07
123,YKL172W,4.888299410056294e-05
124,YDR032C,0.17343832346710975
125,YER116C,9.225229421378171e-11
126,YPR129W,0.0039016735253338103
127,YGR241C,0.0017742540956280745
128,YDR202C,4.099009331317256e-06
129,YLR466W,1.7266490918507457e-42
130,YNR053C,8.252416978521445e-05
131,YKL171W,4.4843386242035136e-07
132,YCL063W,1.126326094857954e-40
133,YKL073W,1.2673888016305078e-42
134,YNL283C,0.08448982915363068
135,YKL135C,2.7920618871713097e-06
136,YJL036W,2.1880018555135215e-05
137,YDR063W,0.0002044931586064777
138,YOR360C,2.862558809766118e-43
139,YNL259C,0.0001223740829144734
140,YLR068W,3.115127776611895e-08
141,YLR273C,0.0
142,YKR101W,0.0
143,YHR007C,0.06022886500300691
144,YGL145W,0.00017772620067661114
145,YJL151C,0.03260603419283452
146,YGR065C,0.0705789007022342
147,YER159C,1.7294916699108822e-06
148,YML126C,4.2656359920941574e-06
149,YDR388W,0.00032908470260179006
150,YBR043C,0.005767655690380937
151,YHR178W,7.228482022648215e-49
152,YDL029W,0.0016830919253073933
153,YDL222C,0.18061257120103383
154,YBL085W,0.0001288970106686868
155,YMR221C,0.0009189593224344589
156,YGL095C,0.0018694678552088183
157,YJL130C,8.799583720252497e-07
158,YDR517W,0.0009008116340973027
159,YDL160C,0.004257413430764834
160,YML031W,0.001290379062577648
161,YFL038C,0.0017896775749302323
162,YBL043W,1.5736763919348905e-44
163,YBR186W,3.8626341274940225e-05
164,YML092C,2.9721674048891e-26
165,YNR051C,0.00024854677423367597
166,YGR271W,2.6662971363682135e-39
167,YKL004W,0.007620364781193916
168,YLL061W,7.830547220553315e-49
169,YDL092W,0.0019229516946014974
170,YLR089C,6.756360511236601e-11
171,YLR079W,1.9104873467659882e-07
172,YDL007W,9.205132399886171e-07
173,YDL088C,3.799909767746846e-05
174,YBR243C,5.721080344622451e-05
175,YJR072C,2.823952957859925e-05
176,YHR072W,0.0033111645552764764
177,YMR299C,0.03432905765044012
178,YPR029C,4.622457483012768e-05
179,YBR227C,1.8354101017513706e-07
180,YOL069W,4.2914333749309325e-40
181,YDL047W,5.4012789006536515e-06
182,YJL016W,0.01496609706620133
183,YOL077C,7.584599566925468e-05
184,YLL048C,0.0012639599907788058
185,YGR238C,0.00023820094237774977
186,YGL242C,0.0005154969114507366
187,YHR122W,9.904923174732204e-42
188,YDL085W,3.086080374610882e-09
189,YCR021C,0.11106679524173102
190,YBR154C,0.0002114178139843812
191,YDR101C,0.00021839592272883943
192,YLR144C,0.0058825025580337325
193,YKL173W,2.894375568924804e-07
194,YDR325W,1.2140242744339224e-45
195,YHL029C,1.724002557632755e-44
196,YLR196W,1.6476371298868776e-05
197,YDL019C,0.00021406733265275806
198,YJL178C,0.004787124768553363
199,YOR104W,0.01506630344026629
200,YER090W,0.000771039444112901
201,YPR189W,6.515230207521876e-08
202,YGL153W,0.00027552429517617
203,YDR188W,3.306344686360973e-10
204,YDR142C,0.0005346499315332816
205,YLR025W,4.1088536052140965e-27
206,YBR212W,0.00013247490976110775
207,YIL027C,0.024386008467760532
208,YPR173C,1.635196788839034e-27
209,YBL026W,0.0007951003222079567
210,YMR016C,1.187140568625049e-08
211,YGL206C,0.0006352633041825317
212,YDL165W,0.0009471257339400862
213,YER082C,6.037777962927062e-09
214,YGR133W,0.00013356680664302744
215,YJL110C,4.535511815709e-44
216,YMR054W,6.503370130664332e-05
217,YDL213C,2.9970589525122375e-06
218,YNL113W,7.458453197873832e-09
219,YLL043W,0.0063944578609391725
220,YNL091W,0.0011893552771823324
221,YOR270C,0.0015179620253250846
222,YGR157W,0.002399261892861902
223,YMR070W,6.36466178040594e-08
224,YGR280C,4.846430305849256e-06
225,YIL124W,0.0035007744845950125
226,YNL020C,0.00017174007108243457
227,YCL010C,2.1963510292478816e-49
228,YGL070C,5.744929059387833e-09
229,YGL002W,0.0010183450414898761
230,YFR003C,2.88168488089145e-10
231,YLR006C,2.8682042705920183e-37
232,YAL021C,0.0016775744104208087
233,YKR003W,0.01862194795235007
234,YDR129C,0.00046681444463177884
235,YDL137W,0.0013069055581913277
236,YGR200C,5.172931575403842e-10
237,YMR231W,8.295845444530561e-48
238,YJL148W,0.0005736281514035224
239,YHR039C,0.005419833391380143
240,YNR031C,1.3983311052425218e-36
241,YGR277C,0.00045447952026994283
242,YIL002C,0.0
243,YGR008C,3.208298917936424e-05
244,YML075C,5.943477271473909e-09
245,YDR297W,0.007897033724551509
246,YLL022C,3.0227030091017793e-09
247,YKL145W,5.677399939198376e-06
248,YLR248W,0.0023965444251136015
249,YLR027C,0.004431374031598726
250,YML099C,0.0
251,YJL006C,1.5433877481442331e-49
252,YDR151C,3.408316544205877e-48
253,YDR320C,1.6860487450683206e-05
254,YGL001C,0.0012137878537678477
255,YLR262C,0.0005267185837458529
256,YGL012W,2.8124456836351037e-10
257,YBL056W,7.615624906232734e-43
258,YML106W,0.0021370082697035717
259,YPL043W,1.578654343707128e-06
260,YDR084C,1.5775353425573704e-17
261,YKL190W,6.79296445272197e-38
262,YBR112C,2.45148323893162e-47
263,YLR257W,1.1146604537705979e-10
264,YBR214W,5.606627547014225e-06
265,YDR011W,0.1331608155442012
266,YDL204W,0.0014650563892402034
267,YHR108W,0.0007348988440473587
268,YNL322C,0.0007715197612635247
269,YEL061C,1.8845408365899933e-42
270,YDR272W,7.077976705368867e-07
271,YPR065W,1.0469922782920204e-46
272,YPL170W,3.5916982903065776e-39
273,YER061C,2.7456468941486043e-09
274,YHR104W,0.00018751516373220962
275,YML007W,2.3777573276953606e-29
276,YOL105C,0.05621344984056739
277,YIR037W,0.02520890756585951
278,YOR009W,1.514315487460206e-48
279,YOR018W,0.0004174744720530816
280,YKL046C,0.000564880594902747
281,YLR270W,0.00014067548791109327
282,YGR202C,1.504657701108151e-44
283,YKR067W,0.00044049927726135137
284,YPR138C,0.10006913328781984
285,YNL118C,0.0017682912365856302
286,YPR105C,0.0006989929213565916
287,YKL214C,1.9156258010312016e-44
288,YMR093W,7.869036551042232e-11
289,YNL190W,0.000341267713800172
290,YBL068W,9.530373367164696e-25
291,YJL207C,0.00012829712136010237
292,YBL042C,0.033235608527373506
293,YOR151C,0.0011068346175570325
294,YBR169C,0.004057422982477482
295,YJL076W,2.2547642346217248e-06
296,YMR275C,0.002585733981698552
297,YDL097C,4.491362181437804e-24
298,YDL159W,1.0793589280399461e-48
299,YPR079W,0.00100165077241146
300,YHL007C,0.003446915261992801
301,YJL174W,3.286509653528312e-45
302,YJR117W,0.006884899343564515
303,YHR123W,0.0036284282748265347
304,YNL084C,0.00046619094913623283
305,YIR001C,0.0002970452810202768
306,YNL121C,0.00043537899567390676
307,YJL053W,0.0031617829715510737
308,YNR006W,1.050426479086533e-37
309,YLR291C,1.255341289345856e-05
310,YLR432W,3.968491907133699e-06
311,YHR196W,1.346406464681742e-10
312,YDR497C,0.09471049056511371
313,YOL147C,0.005438402775973882
314,YBL039C,0.0007676350615070255
315,YKL088W,0.014952692293146884
316,YMR139W,0.0002184348612856527
317,YLR288C,1.149996001601685e-10
318,YMR161W,1.3322634387856607e-17
319,YHR003C,0.001934932693986197
320,YNL031C,7.922909552018107e-08
321,YPL265W,0.08317551807615083
322,YLR420W,3.7722382816363296e-06
323,YKL165C,0.0006032087475270764
324,YNL045W,8.499506750582005e-05
325,YGL205W,1.0994033413722112e-06
326,YPL083C,4.468290236818212e-47
327,YDR093W,0.004679682928981877
328,YGR113W,1.534381717894856e-05
329,YPL127C,3.10666658249499e-06
330,YDL203C,4.850133583876913e-05
331,YAL029C,9.30381618629594e-08
332,YLR403W,2.6594825670420096e-05
333,YPR184W,3.908703508034217e-06
334,YDR238C,0.008833825563898157
335,YGL195W,0.002349534022170483
336,YDR144C,1.9010776257832212e-09
337,YHR121W,0.0002426256835451466
338,YDR265W,0.0027863388444973316
339,YNL336W,0.00079948809393098
340,YHR058C,0.0006079914894340521
341,YMR047C,1.8255821474288528e-10
342,YHR094C,0.1668590104529899
343,YEL015W,0.00042498986711187424
344,YKL191W,0.0
345,YPL091W,8.01575713152562e-06
346,YIR034C,4.218876528944477e-05
347,YEL071W,0.0026107611589297757
348,YPR179C,0.0
349,YDR477W,3.0821724306549416e-06
350,YLR082C,6.842895120627829e-11
351,YBR016W,6.035191615604953e-07
352,YBL041W,1.487898473118824e-07
353,YGR159C,7.631961309792108e-06
354,YHR045W,5.914704681046758e-40
355,YOL129W,0.002330301889724633
356,YIL109C,5.701607443497435e-05
357,YLR337C,0.0038144030177131817
358,YER170W,3.027673296400435e-48
359,YIL135C,0.0058629835873536705
360,YDL079C,9.40356709730111e-41
361,YPR072W,0.006529792652882331
362,YHR001W,0.0760706210524533
363,YFR002W,6.604197689314667e-05
364,YFR024C-A,0.0018122061549082952
365,YOR206W,1.3561764608906613e-05
366,YDL006W,1.0508471347627011e-06
367,YMR293C,1.2586798248951298e-06
368,YBR004C,0.0005579846967433895
369,YNL183C,0.0007281806660711947
370,YHR135C,0.0003053411106492675
371,YFL062W,0.003360588737707006
372,YPR016C,0.0022189596882744504
373,YNL295W,1.8568724500726406e-12
374,YLR056W,0.004193741439776981
375,YGR284C,0.014629754381710514
376,YOR181W,0.0043583438925027815
377,YDR264C,0.011608873171058152
378,YDR275W,0.0
379,YBR130C,2.294510551577699e-06
380,YJR034W,1.3885228548262223e-42
381,YOR259C,9.009012205156064e-05
382,YNL232W,7.52011048560676e-49
383,YML086C,0.009182672849684487
384,YHR012W,0.00017147028384802615
385,YER057C,1.3390912627993214e-05
386,YPL190C,1.2239018938287635e-06
387,YPL210C,6.859049365642603e-05
388,YNL112W,5.825482429755652e-05
389,YOR016C,0.003345224508436193
390,YBR049C,1.165965383443061e-13
391,YDR296W,0.002659552990481727
392,YMR256C,1.7938465481597495e-07
393,YMR322C,2.9108323021154553e-49
394,YBR207W,0.010446022421439773
395,YJL061W,3.0896532609846882e-09
396,YHR136C,3.379664412738338e-14
397,YGR138C,0.12942136033240229
398,YER105C,4.02277836674218e-11
399,YDR329C,0.0003157564317813588
400,YER009W,4.378713202514696e-15
401,YGR082W,0.0012210731622438852
402,YJR152W,0.004213499582421564
403,YNL265C,4.8664913975397166e-27
404,YIL036W,4.187985850737821e-08
405,YMR272C,0.006655537919657369
406,YLR191W,0.0003750670124431857
407,YKL150W,0.0002176279984585514
408,YGR028W,0.0004235133948720819
409,YDR363W-A,0.0001482255620856828
410,YGL064C,1.5638685063692198e-17
411,YNL002C,2.6109785371937703e-06
412,YGR281W,0.10168503244405641
413,YJL030W,0.013371455532215318
414,YLR134W,0.0
415,YHR154W,0.0
416,YOR061W,9.651629652240821e-29
417,YOR370C,0.00034636990634914874
418,YKL144C,0.0025465881722568765
419,YKL120W,1.351111297519636e-05
420,YHR068W,3.096905131968333e-46
421,YGL029W,2.598569622744457e-06
422,YGL099W,0.002528281905998242
423,YPL032C,0.004755269726118399
424,YIL085C,1.5242476280849844e-48
425,YCR033W,3.455188506026347e-06
426,YMR296C,0.006028104986448953
427,YDL135C,0.002121623882167887
428,YER042W,1.5854246820018256e-42
429,YPR139C,0.0007691007782902356
430,YPL259C,7.308477143931497e-08
431,YLR447C,0.001158590892619065
432,YNL307C,0.00021861382219912746
433,YLR362W,3.832784616473826e-07
434,YER023W,0.00046295341348442584
435,YFR010W,9.635058787853574e-07
436,YKR008W,0.0002824593583885361
437,YMR010W,0.03280207200487412
438,YBR002C,0.0037710759411057624
439,YLR100W,0.0028876923389357565
440,YLL028W,0.19181248872483148
441,YDR324C,1.288386603475621e-10
442,YJR108W,7.297922915788265e-49
443,YOR165W,0.00578409194551129
444,YNL287W,0.0029979966110347113
445,YKR038C,1.7553915858598062e-44
446,YGR037C,0.0014154511060885076
447,YNL180C,6.02332151244448e-09
448,YKL026C,4.579646426981912e-49
449,YML072C,0.2206204450807599
450,YAR042W,0.0007544239281259851
451,YLR077W,1.6094934082179943e-11
452,YER063W,1.440085865163151e-06
453,YKL181W,1.250929764412727e-24
454,YGR078C,3.9321493100485403e-07
455,YLL031C,0.00029431157708815017
456,YPL101W,1.090934424455491e-08
457,YGR223C,3.2688935426322416e-05
458,YGR005C,6.1283303086235e-09
459,YBL051C,0.0007704121249160363
460,YOL137W,0.0036729011525313327
461,YBR080C,0.0005051144514110547
462,YGL172W,1.9279040426874916e-06
463,YDL052C,0.005537098057921914
464,YJL039C,5.102340420248696e-08
465,YLL001W,0.0008769803209487797
466,YLR360W,2.652611097078584e-05
467,YOR261C,6.202612349526432e-24
468,YPR133C,3.8727234547312044e-05
469,YOL005C,0.0013288003189454532
470,YFL041W,0.0012388198004924106
471,YBR241C,0.0019140068398982688
472,YMR269W,2.1521479830250084e-05
473,YGL087C,9.140441553793006e-07
474,YNL274C,0.0003770024693280724
475,YHR059W,6.746152268820662e-41
476,YFL003C,1.3784403861774405e-44
477,YIL107C,1.0620436122949889e-48
478,YDR060W,2.048767965953287e-06
479,YBR125C,1.688890761649601e-47
480,YKL068W,1.1996323111648493e-09
481,YIL138C,5.909187319154672e-05
482,YOR316C,0.006637733349268707
483,YDR419W,6.619261202032733e-16
484,YDR200C,1.4519868984048516e-45
485,YNR049C,8.083942806865102e-06
486,YBR006W,3.395077963965156e-05
487,YER036C,0.002497030579418697
488,YER040W,3.8849412322103037e-07
489,YIL127C,1.0185417687872623e-07
490,YOR147W,0.002515834566302095
491,YDR346C,1.573801408942377e-07
492,YBR283C,0.011507637042913365
493,YOR089C,0.0008906414195991758
494,YDR479C,3.0833013374455344e-09
495,YIL095W,0.000240996762977705
496,YPL195W,7.742827479748425e-06
497,YOL138C,1.49723689918075e-12
498,YLR045C,7.325999009765984e-09
499,YER031C,0.0007829554151673959
500,YGL092W,2.943872503391604e-12
501,YDR009W,4.061111101462618e-07
502,YMR312W,2.900562667455939e-10
503,YNR038W,1.2283623185906715e-06
504,YHR016C,0.00026253540547144287
505,YDR284C,0.004321001922551121
506,YDR541C,6.079187817203545e-05
507,YGR119C,2.6584168498982616e-07
508,YER111C,1.455475779041594e-48
509,YDR034W-B,0.006242508150020472
510,YGR270W,2.37304597003132e-49
511,YOR273C,0.11435294857520607
512,YGR261C,0.00016004965690413506
513,YGL049C,0.00013900707495547276
514,YMR154C,1.3285935466682711e-09
515,YLR438C-A,0.0017703142392311666
516,YLR020C,9.572279067586624e-05
517,YEL013W,0.006406762809785369
518,YPL055C,0.0
519,YLR424W,1.4373546498450948e-08
520,YDL197C,9.618284752099069e-08
521,YGR099W,1.3484471418480379e-44
522,YKR058W,3.716246535459091e-06
523,YER126C,1.3073878483242636e-06
524,YMR011W,0.031115697950724795
525,YBR036C,0.00040696325709330616
526,YML121W,0.0006977032809318463
527,YPR095C,3.9173994737353205e-47
528,YPL086C,1.8377897312375778e-10
529,YDR189W,0.005809055081694008
530,YGL210W,0.0003683603051071176
531,YGL162W,1.9594409739041965e-09
532,YDR515W,0.00024013137830265874
533,YHL006C,0.0015372173333257249
534,YGL019W,1.609499719087547e-28
535,YAL016W,0.0003583978541921163
536,YML094W,2.8692866016819904e-07
537,YLR133W,2.9380458534232238e-05
538,YOL110W,3.6571004581500924e-50
539,YAL017W,4.088753755777513e-49
540,YGL014W,0.001925981804689179
541,YJL041W,1.4336326969460093e-07
542,YCR028C-A,0.12822452480292088
543,YGR163W,0.0010472027395067253
544,YLR315W,2.569735074544727e-06
545,YKL080W,0.00017666280597052397
546,YLR292C,1.380087022932919e-39
547,YBR102C,4.651571541608577e-06
548,YGL078C,2.7940513991927996e-06
549,YPL204W,9.176361304637826e-05
550,YGL240W,3.9015905709555165e-49
551,YIL062C,0.0012463813811305002
552,YHR175W,0.0018698376950517053
553,YML013W,0.001123070765816286
554,YOR116C,8.725732498295868e-05
555,YDR350C,1.4854752578751117e-09
556,YGR178C,0.0006493169887559835
557,YCR030C,0.06737221037184322
558,YFR021W,5.042880195589956e-41
559,YGR288W,7.448835222542551e-05
560,YDR119W,0.00031978946393474393
561,YEL039C,4.6923742035138177e-07
562,YBR200W,0.006527403133740177
563,YGL006W,0.007676570430781018
564,YDL058W,3.0054246855815747e-05
565,YGL213C,0.00013021675616097588
566,YOL149W,0.00017337827658421334
567,YLL012W,0.0008324317964539505
568,YMR152W,0.0009794639029143957
569,YDL123W,0.0052847446788218885
570,YMR058W,0.009729956315012896
571,YGL251C,4.320925326601917e-07
572,YBR171W,2.2901903716068284e-39
573,YGR183C,0.0006625921318942601
574,YBR216C,9.46432916983186e-30
575,YDR088C,0.0
576,YNL238W,0.005854932550143388
577,YLR326W,0.08612813532418023
578,YPR010C,8.371803770733346e-06
579,YER136W,0.007858002970499236
580,YLL013C,0.0001352888374686345
581,YER166W,0.007133261842609514
582,YDR503C,0.002419108175593713
583,YDR092W,6.80788791131413e-08
584,YGR191W,0.0002805176504500353
585,YLL062C,6.368679335238917e-06
586,YNL323W,0.0016721547611124377
587,YGR250C,1.7932731013468285e-05
588,YPL211W,3.0914929161895104e-08
589,YFL053W,2.1481070114648464e-48
590,YIL115C,1.3364891295350553e-10
591,YPR040W,4.2297939527169226e-06
592,YKL139W,3.425129104022644e-07
593,YOL090W,2.760458557659184e-40
594,YHR089C,8.3073021518195e-05
595,YNL243W,0.0012235990509522037
596,YPL221W,0.10452074088794827
597,YOR110W,5.859341863782461e-08
598,YLR347C,5.19558705692408e-08
599,YER056C,0.006048513783001779
600,YLR272C,7.289934630929624e-49
601,YNL041C,0.0015682406004745352
602,YFR008W,1.3276280122044568e-05
603,YDR436W,0.0007050252421933065
604,YML016C,0.08372098972502005
605,YKL057C,1.348411210578181e-10
606,YEL041W,4.206439132926489e-07
607,YJR097W,1.8907800516129075e-48
608,YBR023C,0.013679127316210215
609,YOR296W,2.8563438437333906e-48
610,YNR035C,0.0047550382328081465
611,YBL020W,3.95824567426788e-08
612,YNL167C,2.8345160721438784e-10
613,YDL235C,1.7220307056582587e-36
614,YGL023C,0.000445487480613875
615,YBL007C,0.00039072902204849024
616,YPL129W,6.731040464037726e-06
617,YDR378C,0.000490542089517495
618,YGR012W,0.0007564231803396864
619,YCR059C,0.00010243675730192185
620,YJL020C,0.006688609565299733
621,YDR240C,1.1206771025607162e-39
622,YER020W,0.18805348882322076
623,YMR080C,0.0002466117078361969
624,YPR187W,6.253877296476182e-05
625,YJR049C,2.8353497564888534e-48
626,YLR449W,2.722077215052307e-06
627,YDL035C,4.5291327108776566e-05
628,YJL069C,5.485184914427501e-12
629,YDL192W,0.024689226245893606
630,YML057W,6.114161431065313e-38
631,YLL034C,3.0077824823253016e-12
632,YIL009W,0.00963754151456532
633,YFL021W,8.082499207658445e-07
634,YCL037C,0.001767899925916251
635,YLR335W,2.00522078352691e-06
636,YPL139C,5.5143164374505615e-06
637,YFR025C,1.015857568283935e-07
638,YBL034C,8.664341834619152e-40
639,YNL214W,8.86449836911663e-06
640,YIL047C,0.0002630730973366831
641,YGR161C,0.0007040295940892037
642,YGR173W,0.00012783321193474142
643,YAR002C-A,0.015232547675458685
644,YGR014W,0.0
645,YGL207W,6.130631438675312e-06
646,YGL055W,0.02109512128263546
647,YNL007C,0.004357680324342544
648,YPL263C,1.2203121136020836e-34
649,YMR167W,1.3164393836607482e-47
650,YER002W,1.910104748193999e-06
651,YPL246C,0.021189237024221676
652,YLR336C,5.3346098154458096e-09
653,YAR002W,1.5583902582014986e-09
654,YNL153C,2.7468588218474273e-07
655,YGR080W,8.799483402965802e-05
656,YNL313C,3.5203739524884133e-06
657,YGR103W,7.629525428304642e-07
658,YBL004W,6.08087306810483e-09
659,YCR094W,0.0019188654188375125
660,YNL116W,0.0
661,YMR072W,1.3235343268987446e-47
662,YGR229C,0.024050741807434838
663,YLR219W,0.03809777035022198
664,YMR307W,0.0016007224532355946
665,YFL048C,0.0033694812702900786
666,YPL117C,1.9329572288273087e-06
667,YIL121W,0.10792137273493123
668,YOR133W,0.00015038855563349006
669,YBR053C,6.231615984419394e-05
670,YGL011C,2.5743021476666853e-26
671,YGL020C,2.132224106607658e-07
672,YLR083C,0.006123068583077897
673,YKL008C,0.002884584847324282
674,YER122C,0.0005074353163580185
675,YGR048W,2.5126097717190547e-05
676,YNR030W,1.0031732325379967e-45
677,YDL225W,0.002383388594652161
678,YKL078W,2.0851240060291678e-07
679,YMR292W,0.005516240412286158
680,YML067C,0.0016656858559059003
681,YIR038C,0.01255221258363727
682,YDR499W,0.0007586951901390801
683,YNL192W,0.0016056796827340122
684,YGL133W,1.4310852153760534e-06
685,YHR023W,0.0001565359135354423
686,YNL329C,6.219887929304164e-06
687,YOR042W,0.00017709849807590608
688,YDR100W,0.027299985478570054
689,YOL100W,0.005249859491872321
690,YLR454W,0.007327437380587201
691,YML012W,0.02037348164921238
692,YGL077C,0.30292914723907494
693,YMR266W,0.017275774533369963
694,YHL011C,9.19606336892489e-25
695,YBR052C,0.12737998346819338
696,YDR420W,6.183164339362077e-49
697,YLR172C,6.878188559303664e-06
698,YGR262C,3.736232230800669e-43
699,YKL037W,0.0
700,YLR378C,0.0030148570166902474
701,YNL290W,2.8537404184231218e-40
702,YGR234W,1.749429980486156e-05
703,YPR137W,2.032842458302538e-07
704,YPR055W,1.3604039864676573e-07
705,YIL033C,5.709117030823238e-07
706,YGL137W,0.018182263711405786
707,YGR106C,0.0006172369043682569
708,YPR036W,0.0030295146369849362
709,YGL120C,2.1120498136227597e-05
710,YFR001W,6.837771700794178e-06
711,YHR060W,5.153016038204635e-05
712,YPR124W,0.0029749677592261544
713,YKL140W,0.003686424347626363
714,YOR094W,0.013940607619066308
715,YIL038C,0.008131384413104152
716,YOR086C,0.005096568893655338
717,YNL130C,0.006728018345672938
718,YOR004W,2.468100563006202e-06
719,YMR238W,0.0026227366557072195
720,YDL030W,4.2201305841244947e-50
721,YDR398W,2.136606025118204e-09
722,YHR027C,6.5953295478282e-07
723,YOR069W,0.0029181937210729144
724,YJL164C,6.277524476144488e-08
725,YPL178W,2.688523968169919e-37
726,YLR113W,0.00023178248323065868
727,YKL041W,1.4813262338590005e-27
728,YBR237W,5.479039286265384e-41
729,YNL138W,0.0014488150255564036
730,YML055W,0.003504847737743088
731,YBR244W,0.0439826701989132
732,YGR132C,4.2194067897161313e-35
733,YMR149W,0.026251945659773984
734,YDL215C,0.00024678669349139835
735,YMR140W,5.413717269187612e-08
736,YPL057C,0.0011058475416369266
737,YGR129W,0.00030886282543585896
738,YLR332W,0.2237096217948461
739,YBR177C,0.011621691131160277
740,YOR117W,5.386922056844265e-06
741,YLR223C,4.427924403223871e-06
742,YAL042W,0.00015970751176121395
743,YGR060W,0.009347982390560434
744,YNL016W,0.005896704059166818
745,YKL094W,0.013390370874879704
746,YDR434W,0.0014633164628460483
747,YCR009C,0.00018759341668828832
748,YFL040W,1.228694991070663e-48
749,YJR070C,1.3744096198297131e-40
750,YGR253C,9.945904572226996e-27
751,YOR301W,8.708962880230909e-38
752,YDR105C,0.0008340273589952993
753,YJL109C,9.18154265658638e-11
754,YLR182W,5.648852156713293e-06
755,YLR028C,0.004348849101802593
756,YCR077C,0.001298666361293947
757,YNL186W,8.274729667474883e-06
758,YKR014C,1.5076332415719155e-05
759,YGR054W,0.006457513650215874
760,YNR065C,4.281630245303183e-05
761,YDR416W,2.2532193474101865e-49
762,YDL113C,0.0008574707207521277
763,YKL101W,8.015176659363122e-41
764,YNR028W,0.0015372834232822601
765,YPR032W,4.725352606348531e-06
766,YMR109W,0.009733810072443899
767,YLR088W,4.96704844534474e-05
768,YGL212W,5.222055217907165e-48
769,YHR034C,8.15268190295502e-47
770,YKL062W,1.2015386717319438e-08
771,YER118C,0.001466220423659903
772,YDR152W,0.00021805872199869426
773,YLR260W,2.6170886910055654e-49
774,YNL288W,0.01089440525022994
775,YPR156C,0.10384105995450436
776,YPL012W,1.271830982187314e-06
777,YBR164C,0.000988717486794921
778,YDR507C,0.011913387382853769
779,YIR012W,4.74600176424066e-05
780,YKL130C,5.98686774252701e-08
781,YDR289C,3.5543766621618494e-06
782,YDR453C,3.3831455377444907e-46
783,YCR075C,0.000605529042017839
784,YMR128W,1.2377483266093888e-49
785,YCL026C-A,0.00011676297889594953
786,YDR072C,2.9338514964536906e-49
787,YGR130C,0.13558180012653273
788,YPL094C,0.005057991039843491
789,YNL088W,1.3386978066481995e-07
790,YHR142W,0.0029292392567456327
791,YBL102W,0.008944991637926988
792,YOR362C,2.857796390876667e-26
793,YGR198W,0.00022912625402501125
794,YKL051W,0.27286242492310187
795,YGL262W,4.2144781934238935e-49
796,YMR105C,0.0016719420383122224
797,YBL011W,0.000203721795776855
798,YGL108C,0.04657391028746506
799,YPL145C,0.007650249008450846
800,YLL033W,1.717598312595364e-47
801,YPR042C,0.00021283823563021225
802,YDR501W,0.11032179367812325
803,YKL193C,4.4893083371837665e-09
804,YJR125C,0.0001459243512130993
805,YOR327C,0.0018321229501535067
806,YLR258W,0.00014736982453100137
807,YHR133C,4.6851056535740225e-09
808,YDL147W,5.8763586651620475e-24
809,YOR098C,1.7118423495359685e-09
810,YFR051C,0.014018922557351087
811,YOR057W,7.349990350053572e-05
812,YDL021W,4.1206286752229333e-44
813,YJR033C,7.319464027552217e-05
814,YGR121C,0.05191787068422351
815,YKR080W,2.505341857779578e-49
816,YNL106C,0.00021755725948500277
817,YLR206W,0.0013388696953451462
818,YLR350W,0.011440903495402987
819,YER021W,4.9528055903581756e-05
820,YJR076C,0.004471748003774103
821,YIL075C,6.124948521083498e-41
822,YBR106W,0.03248607362328681
823,YIR026C,0.06233270945795992
824,YJR040W,0.00215346367244152
825,YHR170W,0.00012499494106146548
826,YJR085C,4.457197969921625e-46
827,YFR040W,0.00013057866247465733
828,YIR003W,0.00026391804086744634
829,YPL087W,0.0015733535574313244
830,YKL079W,8.92141989844526e-44
831,YEL002C,0.006778272660843141
832,YNL030W,7.414499615550956e-09
833,YJL060W,0.0043994101252533965
834,YLR275W,6.838396341077335e-41
835,YHL003C,0.00013398358143806998
836,YKR023W,1.4063743196779287e-40
837,YHR052W,2.1192007937160137e-06
838,YBL075C,6.04209081526592e-08
839,YHR207C,1.321570341584459e-11
840,YCL056C,4.773777210441918e-06
841,YMR004W,4.1798798921566925e-05
842,YMR261C,1.9856213786750005e-10
843,YGR128C,1.1617211190052596e-10
844,YAR035W,3.6655247413817315e-47
845,YDL065C,0.0002987580293034077
846,YMR212C,0.006445027317083493
847,YGL112C,4.046334595037773e-08
848,YJL192C,0.01647058159991996
849,YDR098C,1.3806317504448612e-06
850,YGL178W,0.0023212245858553584
851,YNL248C,2.599933917178683e-07
852,YNL087W,0.004440520715028112
853,YKL013C,0.001485348014422817
854,YKR089C,0.00013879050791113903
855,YCL016C,8.000478257858564e-44
856,YOR127W,1.0275733013192797e-06
857,YBR264C,0.00019665477335652557
858,YDL189W,3.169061145100279e-14
859,YOR100C,0.0
860,YBR105C,0.00012928251723558071
861,YBR041W,0.005016489425067218
862,YBR101C,1.3613027853088943e-45
863,YDL131W,3.4872940382817393e-37
864,YOR145C,1.1301231528781525e-34
865,YHR158C,5.5072446112797865e-06
866,YDR028C,0.00013594955301028067
867,YML068W,9.031545662167754e-45
868,YDL043C,1.4637669147277984e-49
869,YLR181C,4.84767419430203e-27
870,YML098W,1.4297131379300195e-07
871,YNL229C,1.9016577398866406e-05
872,YIL105C,0.07535124573452025
873,YHR194W,5.633386728715374e-08
874,YNL098C,3.9857679428899393e-25
875,YHR098C,0.00043332000828101005
876,YDR484W,0.0001264370428655315
877,YGL061C,1.0753014069274732e-48
878,YFL047W,0.00034225730828211224
879,YHR188C,3.614810814874423e-05
880,YOL061W,1.0033889988524592e-24
881,YOR081C,0.0002895387880847996
882,YJR068W,4.139042659970086e-42
883,YDR171W,0.00012244900356721998
884,YMR255W,3.6788579530984408e-06
885,YCR069W,0.0005631641746427924
886,YKL204W,0.0002910928820129986
887,YDR354W,0.00015045413319378817
888,YOR027W,2.256442562107036e-05
889,YLR435W,7.872847512324546e-05
890,YKR035W-A,4.27353401781669e-27
891,YNL255C,0.0011668455453271247
892,YIL021W,9.348830605882475e-05
892,YIL021W,2.9179070757076416e-05
893,YML056C,4.120006355460765e-11
894,YLR035C,2.5995824904427643e-06
895,YLR170C,3.898247685771963e-05
896,YDR162C,4.778138014633304e-14
897,YJR122W,4.551240134812042e-05
898,YOR120W,0.0026338149971667723
899,YGR105W,6.249146013554588e-06
900,YOR341W,4.128228848589159e-40
901,YBR070C,0.0002755006393668657
902,YBR180W,4.450601724497069e-09
903,YHR187W,0.005600944315171497
904,YNR052C,0.002660135724031458
905,YML120C,7.651399635738549e-41
906,YLR386W,0.006612273148874174
907,YER112W,3.4133701827344644e-48
908,YGL113W,2.4917741427358898e-48
909,YPL059W,0.0011435968702019014
910,YIL143C,1.1442297092175121e-41
911,YOR195W,0.00019650278673694307
912,YPL006W,0.00035733845227175495
913,YHR083W,0.3277341622658576
914,YGR055W,1.2252446394735988e-08
915,YMR239C,1.565494135336749e-42
916,YJR112W,0.001390061605208916
917,YIL043C,2.3739279704974204e-06
918,YOR340C,1.0681143777894355e-06
919,YIR025W,0.00044065575532562786
920,YGL094C,0.0009391615604868644
921,YOR204W,5.269566021315705e-10
922,YFL036W,0.0022560049977454065
923,YMR123W,3.916607520188514e-45
924,YGR081C,1.2508794974561096e-43
925,YDL008W,8.721726683714984e-06
926,YPR052C,6.84698453975399e-07
927,YGR083C,4.037020889759985e-05
928,YOL026C,3.3014031025317e-27
929,YDR486C,0.0012485865794360717
930,YHR110W,0.07784134445270185
931,YAL053W,0.0009416978570857764
932,YBR265W,4.916193477021002e-05
933,YOR109W,1.3238000426680379e-09
934,YLR354C,1.983402866997475e-09
935,YJL115W,0.0004127195706925073
936,YPL119C,4.931305713851875e-06
937,YPR086W,0.010439507597532633
938,YKR072C,9.134763326878242e-45
939,YPL130W,0.0001937657075235071
940,YJR022W,3.3116193677507904e-10
941,YGL043W,0.008235976462631972
942,YNL268W,0.006671368756909082
943,YCR043C,0.0019291349376210599
944,YLR371W,1.461924819922067e-48
945,YLR213C,0.00043552326548465243
946,YMR134W,2.1586847734415422e-07
947,YLR129W,0.0018654410326529914
948,YML038C,0.288822788210915
949,YPL058C,3.3771387097897324e-39
950,YLR421C,3.798175718689067e-46
951,YDR478W,1.80337269920301e-07
952,YER006W,0.0722613867072377
953,YGL203C,0.006639907016212326
954,YJR118C,0.003177311031528951
955,YKR088C,0.0001344993444627317
956,YDR166C,1.3629254149628223e-09
957,YOR020C,0.0001438024499619426
958,YNR034W,5.402536875717974e-24
959,YDR427W,0.019719049898383936
960,YDR039C,0.0
961,YJR131W,0.00011562047418447018
962,YGL084C,0.0027367665780276365
963,YER035W,0.0
964,YLR242C,0.0002931038435479971
965,YML101C,0.0
966,YER016W,5.818018451958287e-06
967,YGL048C,7.345553863769602e-11
968,YJR042W,1.8616529426877177e-07
969,YBR210W,4.401608799483824e-09
970,YDR086C,6.876409615682794e-11
971,YNL187W,0.004082776240916569
972,YDR170C,0.026564604964699888
973,YDR141C,6.488890300758645e-06
974,YHR081W,0.0008013988428331915
975,YKR048C,0.004894737425509742
976,YGR020C,0.001865171122837624
977,YJL153C,5.289145104877086e-46
978,YDR190C,0.000369884246960689
979,YOR276W,0.0008615199071370227
980,YDR352W,0.00017225660353481468
981,YPL045W,0.0003927709045847756
982,YNL281W,0.005129540417062571
983,YLR237W,7.164518462583167e-06
984,YLR200W,1.7896160969277334e-27
985,YKL002W,0.00319486113644356
986,YDL055C,3.645650081719524e-07
987,YDL074C,2.8497689166760913e-09
988,YPR048W,4.449899705013342e-49
989,YPR121W,0.0009173502814831204
990,YPL070W,0.002405457651614432
991,YBR267W,0.00037012310897754615
992,YLR216C,0.1937217215745258
993,YER145C,0.0027491710109149017
994,YML018C,0.00013819212827088058
995,YMR192W,1.060718750956251e-46
996,YJL034W,4.9152068110385895e-05
997,YNL182C,1.300555352594844e-41
998,YOR162C,1.116663144054266e-06
999,YOL012C,0.0006997590275496792
1000,YAL008W,0.008494815371379905
1001,YDR293C,1.5108161271694107e-07
1002,YLL021W,0.10602535416953258
1003,YHL016C,0.00041387142045410253
1004,YOR132W,1.1397042758260175e-07
1005,YHR116W,0.0033252649352273965
1006,YER068W,0.00013343865000411902
1007,YNL247W,0.0019107813668993306
1008,YPL186C,1.1202876737202957e-07
1009,YDL198C,7.194485331649072e-11
1010,YHR008C,2.5537197935719547e-06
1011,YHR069C,3.419339895177077e-14
1012,YDL037C,0.0008140212562984526
1013,YML001W,0.0339785153187029
1014,YIL070C,5.591350272198215e-42
1015,YDR071C,0.0
1016,YGL027C,0.004977217108106385
1017,YOR014W,4.776387377839506e-13
1018,YDL168W,0.002797152321713845
1019,YKR007W,3.6203298606422506e-45
1020,YBR247C,3.1263261321678182e-24
1021,YFR004W,0.00015740510306295295
1022,YDL236W,0.0022864432942420157
1023,YHL048W,1.0558242561315255e-28
1024,YIL035C,0.005875600223324013
1025,YLR330W,1.4586285998280861e-46
1026,YAL054C,0.004667853860543287
1027,YNL173C,6.043961646308095e-08
1028,YBR215W,2.7173677285374213e-49
1029,YDR421W,0.00014166251239009544
1030,YNL147W,5.132672088403532e-09
1031,YHR084W,1.9856415999397597e-08
1032,YLR246W,0.0004050858262103265
1033,YOR323C,0.00426425451187784
1034,YJR010C-A,0.0003802796129003506
1035,YHR114W,5.199124329558464e-09
1036,YLR345W,0.0032552039291174496
1037,YAL026C,0.0026854185621880944
1038,YJL117W,7.794337529079335e-07
1039,YDR394W,0.0001430611142926632
1040,YOL044W,0.001228220666023459
1041,YMR112C,2.82287422059946e-07
1042,YPR110C,9.774658119041351e-08
1043,YER093C,1.3370377753785431e-37
1044,YMR125W,0.0034654769236602706
1045,YEL051W,2.5145388423494844e-49
1046,YHR004C,6.9679675191425e-43
1047,YIL128W,1.0558343006843673e-06
1048,YKL126W,0.00046005206032044733
1049,YIL048W,3.6817197409974383e-06
1050,YAL020C,2.2385234960603248e-26
1051,YGR135W,7.064950871235707e-06
1052,YKR092C,0.0
