index,protein,bc
0,YKR099W,1.0
1,YGR108W,0.0
2,YER099C,1.0
3,YGL115W,1773.1523809523815
4,YBL010C,0.0
5,YJL048C,1306.8964646464647
6,YIR018W,0.0
7,YKL023W,0.0
8,YBR155W,0.0
9,YPR054W,0.0
10,YBL025W,2.0
11,YNL104C,0.0
12,YPL192C,2123.3682736091746
13,YKR026C,6850.531438006433
14,YJL057C,0.0
15,YAR066W,0.0
16,YLR131C,0.0
17,YDR054C,0.0
18,YGR120C,10765.468770931597
19,YHR152W,0.0
20,YJL185C,0.0
21,YJR056C,0.0
22,YPL133C,438.0
23,YBR045C,0.0
24,YHR160C,0.0
25,YLL049W,0.0
26,YOR039W,2177.0
27,YBR194W,0.0
28,YAL034W-A,1006.2932127178708
29,YLR312C,0.0
30,YER144C,0.0
31,YDR110W,7998.0
32,YLR065C,0.0
33,YBR108W,0.0
34,YER161C,7174.0
35,YMR165C,0.0
36,YHR171W,8.0
37,YLR429W,0.0
38,YOL133W,3.0
39,YJL088W,0.0
40,YOL088C,1.0
41,YJL013C,2612.527197802198
42,YOL034W,0.0
43,YLR166C,0.0
44,YDR472W,1.0
45,YOR372C,0.0
46,YDL212W,0.0
47,YEL053C,1.0
48,YDR074W,1.0
49,YIL150C,0.0
50,YMR061W,0.0
51,YEL023C,0.0
52,YCL055W,0.0
53,YHL009C,0.0
54,YDR128W,0.0
55,YDL111C,0.0
56,YCR057C,0.0
57,YHR014W,0.0
58,YCR093W,0.0
59,YCR082W,0.0
60,YDR214W,0.0
61,YGL215W,0.0
62,YLR072W,0.0
63,YKL166C,0.0
64,YGR040W,0.0
65,YDR016C,0.0
66,YCR004C,0.0
67,YOL082W,2798.4279030910616
68,YDR412W,130.0
69,YOL123W,0.0
70,YMR309C,875.0
71,YHL002W,0.0
72,YGL058W,0.0
73,YNR007C,0.0
74,YMR055C,3.0
75,YHR057C,0.0
76,YBR055C,438.0
77,YPR070W,0.0
78,YAL047C,0.0
79,YGR232W,0.0
80,YAR014C,0.0
81,YLR340W,0.0
82,YAL049C,0.0
83,YBR077C,1.0
84,YDR013W,0.0
85,YDR216W,0.0
86,YER131W,0.5
87,YNL154C,5674.856854256851
88,YDL070W,0.0
89,YFL042C,0.0
90,YJL154C,0.0
91,YPR082C,0.0
92,YGL116W,0.0
93,YHL018W,20.0
94,YMR267W,2961.9363997114024
95,YDL149W,0.0
96,YGR123C,4.0
97,YJL092W,4463.153896103896
98,YOL006C,0.0
99,YHR198C,0.0
100,YJR091C,1228.6500000000005
101,YBR135W,43.0
102,YOL058W,0.0
103,YPL111W,0.0
104,YDR032C,5.0
105,YGL155W,0.0
106,YER116C,0.0
107,YNL311C,2.0
108,YNL236W,9322.54578301816
109,YKL183W,0.0
110,YGL104C,0.0
111,YAR033W,0.0
112,YJL056C,0.0
113,YLR466W,0.0
114,YDL220C,0.0
115,YJL036W,0.0
116,YKL135C,3035.0
117,YPL128C,0.0
118,YDR063W,0.0
119,YOR262W,0.0
120,YGL145W,0.0
121,YBR170C,0.0
122,YAL040C,0.0
123,YJL151C,0.0
124,YFR037C,0.0
125,YDL064W,3460.0
126,YDR388W,0.0
127,YPR093C,0.0
128,YPR018W,0.0
129,YNL092W,0.0
130,YBR196C,0.0
131,YOR260W,0.0
132,YPL157W,0.0
133,YDL160C,3764.182093345252
134,YML031W,438.0
135,YBR175W,0.0
136,YDL089W,0.0
137,YFL038C,790.2484848484847
138,YBL043W,0.0
139,YMR180C,0.0
140,YFL056C,0.0
141,YPR066W,0.0
142,YJR159W,15512.138525852479
143,YDR315C,2607.0
144,YJR077C,0.0
145,YJR015W,0.0
146,YER065C,0.0
147,YOL020W,0.0
148,YML064C,44256.81773875756
149,YNL122C,0.0
150,YDL088C,0.0
151,YFR042W,0.0
152,YJR072C,875.0
153,YEL009C,1.0
154,YER059W,2174.0
155,YDR139C,0.0
156,YJR136C,0.0
157,YOR359W,260.75036630036635
158,YDR146C,292.3492063492065
159,YCR086W,3475.0
160,YOL069W,0.0
161,YKL075C,0.0
162,YER179W,6333.665620249316
163,YPL110C,0.0
164,YCR027C,0.0
165,YGL242C,0.0
166,YJL042W,22.0
167,YHR122W,0.0
168,YGR153W,0.0
169,YOR185C,0.0
170,YKL015W,438.0
171,YGL208W,518.6443833943833
172,YDR532C,0.0
173,YMR303C,0.0
174,YDR076W,0.0
175,YER148W,0.0
176,YDR255C,0.0
177,YBR188C,874.0
178,YDR429C,0.0
179,YLR399C,0.0
180,YGL180W,0.0
181,YJL178C,0.0
182,YHR105W,476.9000000000001
183,YGL153W,438.0
184,YLR025W,1.0
185,YDR142C,3.0
186,YHR134W,0.0
187,YHL022C,0.0
188,YPR173C,0.0
189,YBL026W,1776.4996943115368
190,YDL165W,0.0
191,YBR211C,0.0
192,YOR215C,0.0
193,YOL139C,0.0
194,YJL110C,0.0
195,YDL213C,0.0
196,YLR392C,0.0
197,YNL113W,89.0
198,YNL091W,2610.0
199,YGR104C,0.0
200,YAR003W,5.0
201,YOL070C,20.0
202,YDR236C,0.0
203,YGL026C,0.0
204,YNL056W,2.0
205,YGR294W,0.0
206,YLR233C,5587.0
207,YHR039C,0.0
208,YDR376W,1.0
209,YMR308C,11828.406583481361
210,YDL110C,874.0
211,YML099C,0.0
212,YDR044W,0.0
213,YDR151C,0.0
214,YMR181C,1857.6580031080027
215,YHL027W,0.0
216,YER089C,0.0
217,YDL076C,0.0
218,YBR195C,0.0
219,YOR226C,0.0
220,YGL192W,0.0
221,YBR254C,0.0
222,YDR084C,0.0
223,YKL190W,0.0
224,YOR164C,0.0
225,YJL160C,0.0
226,YMR228W,0.0
227,YMR233W,438.0
228,YER127W,0.0
229,YCR067C,0.0
230,YOR138C,438.0
231,YDR167W,860.0500000000004
232,YPR051W,0.0
233,YDR279W,0.0
234,YNL164C,0.0
235,YKR062W,0.0
236,YKR037C,1109.8842490842499
237,YCR045C,0.0
238,YOR062C,0.0
239,YOL105C,0.0
240,YIR037W,0.0
241,YIL046W,10401.531231640205
242,YLR270W,0.0
243,YDR082W,0.0
244,YKR055W,90.0
245,YBL021C,0.0
246,YDL013W,438.0
247,YDR140W,8.0
248,YJR083C,0.0
249,YPL219W,0.0
250,YNL118C,130.93582528582556
251,YMR102C,0.0
252,YLR097C,0.0
253,YPR105C,4661.76990786991
254,YER045C,0.0
255,YMR093W,0.0
256,YER052C,0.0
257,YBL042C,0.0
258,YJL184W,0.0
259,YNR069C,3.0
260,YDL097C,0.0
261,YGR075C,0.0
262,YDL159W,0.0
263,YJR117W,0.0
264,YIR001C,0.0
265,YOR106W,0.0
266,YER180C,0.0
267,YER079W,1308.0
268,YNR006W,0.0
269,YLR432W,2218.9333333333334
270,YLR291C,438.0
271,YJL058C,1303.6179706766673
272,YNR068C,0.0
273,YPL088W,0.0
274,YLR288C,8.0
275,YMR139W,0.0
276,YOL143C,1.0
277,YDR395W,18.0
278,YLR266C,0.0
279,YBR193C,0.0
280,YGR113W,0.0
281,YGR010W,0.0
282,YLR438W,2.0
283,YDL203C,438.0
284,YCL040W,1.0
285,YJL065C,438.0
286,YBR141C,1.0
287,YDL144C,0.0
288,YBR059C,0.0
289,YLR403W,2.0
290,YMR153W,1981.6176739926768
291,YOR315W,0.0
292,YOR159C,0.0
293,YFL017C,6.0
294,YMR186W,0.0
295,YCR066W,2.0
296,YDR099W,3.0
297,YDL150W,0.0
298,YPR008W,0.0
299,YHR061C,0.0
300,YLR417W,0.0
301,YGR049W,0.0
302,YMR095C,218.50000000000003
303,YEL015W,16781.47156839473
304,YNL263C,205.83333333333334
305,YPL214C,0.0
306,YIL007C,0.0
307,YIL061C,0.0
308,YDR477W,1637.6799284049275
309,YDR348C,0.0
310,YLR082C,0.0
311,YBL078C,0.0
312,YKL033W,0.0
313,YDR073W,1.0
314,YLR154C,0.0
315,YMR226C,0.0
316,YPL019C,0.0
317,YLR324W,0.0
318,YOL129W,0.0
319,YBR040W,0.0
320,YDL127W,415.4325396825397
321,YKR060W,0.0
322,YLR328W,0.0
323,YMR129W,438.0
324,YMR211W,0.0
325,YGR268C,874.0
326,YGL051W,0.0
327,YDL006W,0.0
328,YFR002W,458.02005494505505
329,YPL201C,0.0
330,YHR135C,875.0
331,YDR228C,3902.0
332,YPL031C,9129.857363104744
333,YGL015C,0.0
334,YDR225W,0.0
335,YPL131W,0.0
336,YKL110C,0.0
337,YMR053C,0.0
338,YOR250C,0.0
339,YGR046W,0.0
340,YBR217W,26.0
341,YJR034W,0.0
342,YOR259C,0.0
343,YLR319C,0.0
344,YER100W,438.0
345,YLR117C,438.00000000000006
346,YKR068C,0.0
347,YMR243C,0.0
348,YMR322C,218.50000000000003
349,YOR078W,1308.0
350,YGR252W,0.0
351,YER105C,4088.0339105339062
352,YER146W,0.0
353,YOR264W,3870.0
354,YKR104W,0.0
355,YDR510W,5843.402392344507
356,YPR017C,0.0
357,YGL201C,6797.0
358,YGR058W,6418.0
359,YDL090C,0.0
360,YGR068C,1.0
361,YJL030W,16016.005040427444
362,YNL025C,0.0
363,YMR068W,0.0
364,YOR061W,0.0
365,YKL144C,1.0
366,YLR238W,98.0
367,YDR469W,1242.5333333333335
368,YDR145W,0.0
369,YPR107C,438.0
370,YOR047C,3473.2186147186153
371,YHR035W,0.0
372,YLR389C,0.0
373,YLR264W,3459.625000000001
374,YER027C,1748.0437118437112
375,YKL017C,0.0
376,YPR119W,156.0
377,YDL135C,0.0
378,YLR362W,0.0
379,YPL259C,0.0
380,YER007C-A,0.0
381,YLR447C,0.0
382,YOR220W,0.0
383,YLR100W,0.0
384,YFL009W,0.0
385,YLL028W,0.0
386,YNL287W,0.0
387,YDR292C,0.0
388,YFR032C,0.0
389,YPL140C,0.0
390,YIL151C,11.0
391,YDR106W,0.0
392,YHR030C,2.0
393,YHR075C,0.0
394,YBL051C,5.0
395,YLR284C,438.00000000000006
396,YMR094W,686.0595238095235
397,YGL172W,813.6727178618474
398,YML095C,438.0
399,YPL038W,0.0
400,YNL201C,6793.003178400556
401,YIL065C,746.5657509157508
402,YLL001W,0.0
403,YNL210W,0.0
404,YNR029C,0.0
405,YGL161C,1079.8333333333337
406,YDR490C,1.0
407,YOR261C,0.0
408,YHR091C,0.0
409,YJL025W,0.0
410,YCL032W,3.0
411,YDR201W,4826.417582417583
412,YDR386W,0.0
413,YJR094C,0.0
414,YIL144W,8435.813253413253
415,YMR269W,0.0
416,YFR047C,438.0
417,YBL014C,0.0
418,YBR125C,0.0
419,YDR273W,0.0
420,YGL237C,0.0
421,YDR200C,140.0
422,YNR022C,0.0
423,YBR006W,1.0
424,YML114C,0.0
425,YIL113W,2.0
426,YBR017C,0.0
427,YOL036W,0.0
428,YNL146W,0.0
429,YLR243W,1308.0
430,YOL059W,0.0
431,YOL091W,0.0
432,YNR048W,0.0
433,YER031C,1798.134940275839
434,YCR020C-A,0.0
435,YPL229W,874.0
436,YGL150C,874.0
437,YHR016C,3467.0
438,YLR015W,0.0
439,YNL078W,20.0
440,YJR133W,874.0
441,YMR312W,0.0
442,YGR119C,2851.781151685847
443,YHR128W,0.0
444,YDR132C,15.0
445,YDR508C,0.0
446,YGR239C,0.0
447,YOL108C,1746.0
448,YLR424W,874.0
449,YDR115W,0.0
450,YGR099W,0.0
451,YHL025W,0.0
452,YER126C,0.0
453,YDR448W,438.0
454,YML121W,0.0
455,YDL155W,0.0
456,YAL036C,0.0
457,YOR174W,11.0
458,YDL002C,438.0
459,YDR313C,0.0
460,YFR011C,0.0
461,YJL141C,0.0
462,YHL006C,1310.0
463,YJL203W,0.0
464,YGL019W,0.0
465,YAL016W,0.0
466,YML094W,0.0
467,YIR024C,0.0
468,YJL084C,1308.0
469,YJL041W,0.0
470,YKR025W,0.0
471,YLR315W,438.0
472,YPL204W,0.0
473,YHR102W,0.0
474,YGL096W,0.0
475,YDR218C,0.0
476,YDL012C,3043.0
477,YKR011C,0.0
478,YDR480W,875.0
479,YJL200C,0.0
480,YCR030C,0.0
481,YKR096W,0.0
482,YMR079W,0.0
483,YKL028W,438.0
484,YGL213C,0.0
485,YOL149W,5073.367038517035
486,YDR108W,0.0
487,YDR267C,0.0
488,YMR096W,0.5
489,YLR423C,19920.047276191886
490,YKL103C,230.31666666666666
491,YMR314W,0.0
492,YPR182W,1327.9569833675118
493,YBR171W,0.0
494,YDR088C,0.0
495,YPL049C,1308.0
496,YGL071W,1.0
497,YGL126W,0.0
498,YOR284W,0.0
499,YMR052W,56.0
500,YDR400W,0.0
501,YKR022C,438.0
502,YDR503C,0.0
503,YBR094W,0.0
504,YLL062C,0.0
505,YGR250C,0.0
506,YPL211W,0.0
507,YPR040W,0.0
508,YBR253W,0.0
509,YOL135C,0.0
510,YDR123C,0.0
511,YPR049C,0.0
512,YDL001W,1.0
513,YDR489W,1.0
514,YPR046W,0.0
515,YBR205W,1520.3414334584804
516,YOR036W,974.0470614879665
517,YMR210W,0.0
518,YFR008W,0.0
519,YNR032W,8.0
520,YDR002W,0.0
521,YDR026C,0.0
522,YPL003W,0.0
523,YDR174W,3112.841636141636
524,YEL041W,0.0
525,YBR270C,8764.39653553922
526,YFR052W,438.0
527,YLR150W,0.0
527,YLR150W,0.0
528,YLR254C,0.0
529,YGL028C,0.0
530,YPL222W,3501.9438644688644
531,YPR185W,0.0
532,YBL007C,0.0
533,YGL238W,0.0
534,YPR078C,4.625
535,YDR378C,0.0
536,YDR130C,1.0
537,YCR059C,0.0
538,YDR381W,0.0
539,YER143W,0.0
540,YJR009C,0.0
541,YLR376C,43.0
542,YNL135C,2.0
543,YDR482C,1743.0
544,YDR179C,0.0
545,YGR278W,0.0
546,YLR224W,875.0
547,YBR057C,0.0
548,YNR012W,1631.8289377289373
549,YDR335W,0.0
550,YLR335W,0.0
551,YJR050W,0.0
552,YGL221C,1996.1818086883884
553,YDR311W,89.0
554,YPL161C,0.0
555,YGR173W,8143.653155178153
556,YGR014W,0.0
557,YLR323C,0.0
558,YGR061C,0.0
559,YLR049C,0.0
560,YKL205W,0.0
561,YKR030W,1.0
562,YIR005W,875.0
563,YGL254W,0.0
564,YDL101C,0.0
565,YOR329C,646.3414334584808
566,YPL246C,438.0
567,YDR326C,0.5
568,YLL027W,0.0
569,YHL042W,1310.0
570,YPL174C,0.0
571,YOR368W,1.0
572,YKL019W,0.0
573,YGR240C,0.0
574,YOL111C,0.0
575,YNL116W,1906.7635281385283
576,YMR048W,2.0
577,YNL032W,0.0
578,YJR135C,0.0
579,YGR229C,0.0
580,YLR433C,0.0
581,YNR010W,0.0
582,YML119W,0.0
583,YKL008C,1.0
584,YGR048W,0.0
585,YDR308C,2.0
586,YGR017W,0.0
587,YPR159W,0.0
588,YLR167W,0.0
589,YEL062W,0.0
590,YDL098C,0.0
591,YDR070C,2.0
592,YIL074C,442.625
593,YJL124C,0.0
594,YDL216C,875.0
595,YOR348C,0.0
596,YNL099C,0.0
597,YPR165W,1310.0
598,YGR024C,0.0
599,YER047C,0.0
600,YGL175C,0.0
601,YCL059C,0.0
602,YHL046C,2973.2439560439534
603,YGL122C,0.0
604,YNL199C,3523.825438158336
605,YMR236W,0.0
606,YBR052C,3144.817166167161
607,YGL229C,0.0
608,YPL149W,4.625
609,YOR167C,0.0
610,YOR023C,0.0
611,YGR213C,0.0
612,YBR138C,0.0
613,YOR025W,0.0
614,YDL133W,0.0
615,YGR234W,0.0
616,YIL033C,1570.25
617,YHR060W,0.0
618,YBR133C,0.0
619,YDL214C,0.0
620,YGR057C,0.0
621,YDR383C,0.0
622,YMR077C,845.9748168498171
623,YGL025C,1.0
624,YDR398W,0.0
625,YDR439W,17604.277874610783
626,YOR355W,0.0
627,YBR237W,1437.7091896407685
628,YOR353C,0.0
629,YOR069W,0.0
630,YMR091C,438.0
631,YLR113W,0.0
632,YGR117C,1740.0
633,YDR078C,0.0
634,YBR244W,0.0
635,YGL154C,0.0
636,YDR077W,0.0
637,YIL001W,0.0
638,YGR155W,764.4833333333333
639,YDL215C,0.0
640,YGR129W,0.0
641,YIL013C,0.0
642,YCL024W,0.0
643,YOR117W,0.0
644,YNL042W,0.0
645,YCL054W,0.0
646,YBR221C,0.0
647,YMR087W,0.0
648,YGR097W,0.0
649,YMR270C,0.0
650,YHR032W,9675.253679653673
651,YNL189W,875.0
652,YMR025W,0.0
653,YBR250W,0.0
654,YEL037C,1.0
655,YCR009C,0.0
656,YHR038W,0.0
657,YGR253C,8447.0
658,YNL047C,0.0
659,YML006C,2177.0
660,YDR416W,0.0
661,YER062C,2.0
662,YDL113C,0.0
663,YLL052C,0.0
664,YHR140W,9044.482866916978
665,YGL212W,7188.460619935621
666,YDR206W,4205.6790404040385
667,YLR368W,0.0
668,YGL044C,1.0
669,YDR152W,0.0
670,YCR005C,0.0
671,YLR128W,0.0
672,YMR201C,0.0
673,YJL001W,1.0
674,YKL052C,0.0
675,YNL288W,0.0
676,YMR291W,0.0
677,YOR034C,6157.713852813855
678,YKL130C,2598.0
679,YKL095W,0.0
680,YGR136W,0.0
681,YGL091C,0.0
682,YOR070C,0.0
683,YJL218W,0.0
684,YLR121C,0.0
685,YBL102W,0.0
686,YDR372C,0.0
687,YOR362C,0.0
688,YLR352W,438.00000000000006
689,YJL019W,0.0
690,YOR303W,438.0
691,YHR129C,0.0
692,YOR026W,0.0
693,YLR102C,0.0
694,YHR100C,0.0
695,YPR011C,197.0
696,YER133W,3.0
697,YGL230C,0.0
698,YDR357C,0.0
699,YBR228W,0.0
700,YJR125C,0.0
701,YLR258W,0.0
702,YGR009C,0.0
703,YLR046C,0.0
704,YDR195W,0.0
705,YIL112W,2170.0
706,YDL147W,0.0
707,YDR299W,0.0
708,YOR057W,0.0
709,YNL157W,0.0
710,YML028W,0.0
711,YBR252W,0.0
712,YER021W,0.0
713,YNL233W,0.0
714,YJR076C,0.0
715,YGL158W,0.0
716,YGL127C,2244.585714285714
717,YNL023C,0.0
718,YNL244C,2414.631568431567
719,YDL132W,0.0
720,YML088W,0.0
721,YKL020C,0.0
722,YOR007C,111.0
723,YNL127W,0.0
724,YHR170W,0.0
725,YOR292C,0.0
726,YDR020C,1.0
727,YDL063C,0.0
728,YIR006C,0.0
729,YER019C-A,8.0
730,YAR031W,2179.0
731,YER095W,0.0
732,YDR061W,0.0
733,YFL039C,0.0
734,YLL032C,0.0
735,YDR463W,0.0
736,YAL028W,296.4454754310019
737,YLR275W,0.0
738,YMR004W,0.0
739,YHR207C,3349.0466783216784
740,YDL154W,2044.3575757575757
741,YMR224C,0.0
742,YBL105C,0.0
743,YDL065C,0.0
744,YMR163C,0.0
745,YLR078C,0.0
746,YDR098C,2296.013617376776
747,YDR207C,2612.975091575092
748,YGL112C,9.0
749,YLR215C,0.0
750,YKL013C,0.0
751,YLR135W,1.0
752,YOR127W,0.0
753,YGR154C,0.0
754,YER092W,0.0
755,YIL008W,365.84312354312334
756,YAL032C,0.0
757,YDL179W,0.0
758,YKL039W,0.0
759,YMR223W,930.8817460317453
760,YHR158C,402.1912337662336
761,YPL151C,0.0
762,YCR011C,0.0
763,YDL043C,3.0
764,YLR098C,0.0
765,YML068W,0.0
766,YMR071C,0.0
767,YHR111W,0.0
768,YGL198W,0.0
769,YLL050C,0.0
770,YML110C,0.0
771,YLR293C,0.0
772,YML109W,0.0
773,YNL012W,3024.0
774,YNL229C,0.0
775,YMR317W,12346.116125299826
776,YIL105C,0.0
777,YGL134W,0.0
778,YOR161C,1.0
779,YJR074W,3.0
780,YGL061C,15.0
781,YGL166W,0.0
782,YMR295C,0.0
783,YHR188C,0.0
784,YOL061W,0.0
785,YOR006C,0.0
786,YHR106W,0.0
787,YBR281C,4776.21904761905
788,YMR255W,20.0
789,YLR229C,1835.682417582417
790,YLR321C,0.0
791,YOR358W,2206.2624037289916
792,YOR229W,10146.834755157135
793,YNL218W,0.0
794,YOR375C,0.0
795,YKL204W,0.5
796,YLR435W,0.0
797,YOR269W,1.0
798,YNL094W,0.0
799,YLR208W,0.0
800,YDR162C,0.0
801,YKL012W,0.0
802,YJR122W,1310.0
803,YOR319W,0.0
804,YLL046C,3851.898235098235
805,YDL017W,0.0
806,YPL002C,0.0
807,YHR187W,0.0
808,YNR052C,9.0
809,YLR386W,0.0
810,YPR152C,0.0
811,YLR390W,2965.0478886610467
812,YER112W,0.0
813,YJR093C,0.0
814,YPL059W,0.0
815,YMR092C,438.0
816,YBR103W,0.0
817,YHL019C,0.0
818,YKL001C,438.0
819,YHR083W,0.0
820,YGL174W,0.0
821,YIR025W,0.0
822,YDR382W,0.0
823,YGL170C,0.0
824,YCR063W,0.0
825,YNL279W,0.0
826,YFL029C,1332.4010073260067
827,YOL130W,2.0
828,YOR128C,0.0
829,YDR001C,3.0
830,YHR185C,10961.09505859637
831,YJR022W,0.0
832,YOL083W,0.0
833,YGL249W,0.0
834,YFR033C,14.0
835,YMR159C,6990.827447552459
836,YDR328C,0.0
837,YOR180C,0.0
838,YFR057W,0.0
839,YPR020W,0.0
840,YML038C,0.5
841,YGL189C,0.0
842,YJL112W,862.616666666667
843,YML015C,2644.2624037289925
844,YOR020C,0.0
845,YDR122W,1303.6179706766673
846,YJR131W,0.0
847,YHR184W,0.0
848,YLR190W,0.0
849,YER016W,437.99999999999994
850,YIL132C,0.0
851,YPR062W,9.0
852,YHR115C,4269.011916154026
853,YDR148C,0.0
854,YGL030W,0.0
855,YDL210W,21.0
856,YKR048C,0.0
857,YNL093W,2.0
858,YOR276W,1.0
859,YKL116C,0.0
860,YJR086W,989.1981962481971
861,YLR305C,20.0
862,YLR200W,0.0
863,YKL002W,1544.2499999999998
864,YPR048W,0.0
865,YPL070W,0.0
866,YKR083C,4.0
867,YLR216C,10.0
868,YKL142W,1.0
869,YHR204W,0.0
870,YML053C,0.0
871,YER081W,0.0
872,YOL012C,0.0
873,YFR043C,0.0
874,YLR071C,0.0
875,YLR303W,0.0
876,YPR115W,0.0
877,YDL081C,0.0
878,YOR132W,0.0
879,YDR017C,0.0
880,YNR004W,1308.5000000000002
881,YNL333W,0.0
882,YOR210W,2015.2438644688646
883,YNL086W,1.0
884,YDR071C,0.0
885,YBR284W,0.0
886,YML001W,438.0
887,YKL090W,3436.197943722942
888,YGR158C,0.0
889,YIL011W,0.0
890,YKR007W,0.0
891,YGR122W,0.0
892,YMR035W,438.00000000000006
893,YAR018C,0.0
894,YIL160C,0.0
895,YFR004W,0.0
896,YDL236W,0.0
897,YLL019C,1.0
898,YMR138W,0.0
899,YOR115C,0.0
900,YGR047C,4.625
901,YNL147W,9.0
902,YDR408C,0.0
903,YHR084W,5.0
904,YDL239C,1.0
905,YER162C,438.0
906,YBR274W,2945.697943722942
907,YLR345W,0.0
908,YHR197W,6.0
909,YDR394W,1.0
910,YMR112C,1.0
911,YMR117C,90.0
912,YPR110C,438.0
913,YNL021W,0.0
914,YIL050W,0.0
915,YIL128W,0.0
916,YJR090C,438.0
917,YKL061W,0.0
918,YPL260W,0.0
919,YOR111W,0.0
920,YHR079C,0.0
921,YOR212W,0.0
