index,protein,dc
0,YFL026W,71.99181191346302
1,YPR168W,138.8972993968344
2,YDR404C,129.38102021763285
3,YKL048C,85.2554022077614
4,YGR108W,41.546306818067976
5,YDR432W,91.71191411779812
6,YGL115W,101.039775503666
7,YPL085W,57.50891657124107
8,YNL312W,24.69464890366042
9,YLR327C,31.339258250103107
10,YOR093C,146.8648236180345
11,YJL098W,300.87495279064024
12,YJL048C,33.477275862259866
13,YML112W,15.496709009128468
14,YKL023W,46.286970906837915
15,YPR106W,61.2762674614382
16,YNL166C,59.706406379054314
17,YOR294W,315.0190156726759
18,YDR452W,18.40347882794827
19,YLR187W,50.37337810552989
20,YPR023C,96.16784421671028
21,YPL203W,108.23274463569656
22,YPL233W,85.83369961959161
23,YBR126C,9.51569694110539
24,YPR054W,46.768668601557
25,YBL025W,143.09630582138914
26,YGL227W,22.1284655320808
27,YJR138W,151.48126539528405
28,YBL101C,100.94418511428789
29,YLR131C,157.23765919771557
30,YNL197C,97.24981582730658
31,YJL057C,19.28807852517247
32,YJL080C,31.339258250103107
33,YJL106W,83.34649775641842
34,YHR097C,82.93520530838359
35,YOR039W,160.8129515030555
36,YPR019W,10.5952240499648
37,YJR007W,154.71753636611245
38,YBL016W,285.5276478224031
39,YDR150W,135.8524925165837
40,YNL071W,25.818642042856936
41,YHR076W,128.94766851628611
42,YAL034W-A,85.83369961959161
43,YNL110C,69.58355564019998
44,YJL083W,52.74983313051018
45,YLR256W,18.77894507910048
46,YMR124W,99.70510280490517
47,YNL058C,68.77182571873094
48,YGR116W,87.76934346291279
49,YER161C,25.896651522773237
50,YMR165C,9.20704838257563
51,YNL298W,13.42422365212999
52,YMR196W,34.47615580937692
53,YKL010C,59.94331926138804
54,YAL041W,31.968402292239062
55,YOR372C,62.68287990478616
56,YGR282C,12.75081151646841
57,YKR021W,135.2919349925249
58,YDR074W,9.51569694110539
59,YOR054C,81.66683526402466
60,YML032C,3.26058902035031
61,YBL103C,179.44407177174338
62,YNL049C,66.85322215843766
63,YDR128W,115.95675666243433
64,YPR005C,27.828130032684108
65,YFR014C,18.357684695418392
66,YHR088W,98.34891663047567
67,YFR046C,85.83369961959161
68,YKL166C,88.57531942900545
69,YLR072W,107.35714502131992
70,YGL215W,7.44940142933574
71,YGR040W,116.17579034539577
72,YOL123W,145.08496823074378
73,YOL082W,124.40330005028419
74,YCL017C,15.77080486186047
75,YJL111W,69.22261910164605
76,YCR004C,36.173199831747766
77,YIL142W,85.75129410097728
78,YPR070W,138.8972993968344
79,YFR028C,612.6936377154932
80,YAR014C,198.91573901272284
81,YDR052C,3.26058902035031
82,YPR030W,139.61126536220476
83,YOR028C,66.67332479486542
84,YMR028W,47.29197484337424
85,YDR216W,265.73589917936266
86,YOL041C,181.9396323742288
87,YHR019C,31.77801900828595
88,YER129W,242.02678590351883
89,YMR290C,265.2328698713593
90,YBR140C,97.24981582730658
91,YJR019C,27.56438679155409
92,YJL154C,74.47514140742754
93,YJL165C,2.99451890040477
94,YPR160W,27.828568596104923
95,YHL018W,97.7232088838985
96,YOL081W,97.24981582730658
97,YMR229C,147.81033054786934
98,YKL159C,16.70725351060213
99,YHL032C,6.52117804070062
100,YDL149W,150.93884087768012
101,YMR246W,22.285195616724163
102,YBR097W,6.35591854885136
103,YGR095C,7.10325979756354
104,YPL093W,313.71951644262083
105,YOR267C,155.03754909366623
106,YBR135W,125.6258074882156
107,YGR179C,85.83369961959161
108,YDR373W,3.26058902035031
109,YPL254W,178.95977059930016
110,YFR029W,19.85714050237935
111,YNL128W,1.7861464078861
112,YLR384C,66.67332479486542
113,YPL089C,69.30384097831794
114,YKL172W,177.82568672022552
115,YDR032C,29.490272005528645
116,YOR373W,90.13446657986263
117,YDL003W,18.97168122279642
118,YNL236W,138.8972993968344
119,YOR290C,138.8972993968344
120,YGR241C,55.664025529380375
121,YPR129W,26.67855562921062
122,YOR244W,96.16784421671028
123,YKL171W,192.57836273166842
124,YOL054W,165.72572921226973
125,YPL128C,46.840269537947314
126,YLR273C,22.34626291583162
127,YLR381W,85.83369961959161
128,YAL040C,26.950103627463744
129,YKL035W,126.66759442007469
130,YJL151C,82.93520530838359
131,YDR177W,4.43452367651867
132,YDR388W,69.38240590493882
133,YDL143W,65.58515739259398
134,YFL008W,18.97168122279642
135,YER032W,41.68870687772328
136,YBL066C,71.79070198097143
137,YBL085W,249.99455265461475
138,YOR257W,111.74095310236827
139,YHR082C,266.4232655328571
140,YDL160C,57.50891657124107
141,YJL187C,332.06041427562013
142,YMR199W,36.48370067858565
143,YGR271W,107.49322813867076
144,YLR079W,162.07107158258952
145,YBR079C,68.08086252078306
146,YJR072C,87.76934346291279
147,YER059W,56.8929317086983
148,YPR029C,27.6522912032282
149,YHR186C,270.8306519988473
150,YDL134C,66.26508949650616
151,YOL069W,81.0821628780474
152,YCR086W,249.26675544603847
153,YDL047W,85.15609702065942
154,YBR010W,21.07732539547131
155,YKL134C,8.59806126244005
156,YGR238C,198.91573901272284
157,YJL042W,154.71753636611245
158,YDL085W,4.3223193485839
159,YBR154C,127.44664811550797
160,YGL208W,19.909743379770212
161,YDR022C,14.853169183195131
162,YCR046C,17.56987003680727
163,YNL161W,170.30009128487097
164,YGL180W,14.853169183195131
165,YLR196W,266.8238117406127
166,YLR025W,26.062942841357952
167,YOL148C,185.56861077203334
168,YDR188W,69.22261910164606
169,YDR085C,154.71753636611245
170,YIL117C,68.77182571873094
171,YMR273C,50.89715696010756
172,YGR267C,66.75742410984573
173,YGL206C,16.36417703348114
174,YBR211C,85.83369961959161
175,YAL035W,138.8972993968344
176,YCR002C,66.68133813019386
177,YOL139C,41.68870687772328
178,YGR142W,18.463152014614078
179,YCL030C,59.94331926138804
180,YLL043W,7.16688987558895
181,YBR038W,77.38904396691225
182,YOR198C,82.9534505585462
183,YMR216C,42.42883509244159
184,YGR280C,121.46083564614933
185,YBL023C,33.477275862259866
186,YNL020C,46.31409809520667
187,YCL010C,178.95977059930016
188,YJR110W,25.21944507584805
189,YAR003W,18.77894507910048
190,YLR410W,3.26058902035031
191,YGR052W,353.9747987791155
192,YGL070C,87.76934346291279
193,YFR003C,131.98928450771766
194,YLR006C,28.135377394017862
195,YIL106W,63.42811575194341
196,YNL056W,6.52117804070062
197,YAL021C,20.46465817845894
198,YGR200C,66.67332479486542
199,YIL002C,3.9063008552386402
200,YNR031C,60.330039838222056
201,YJL074C,18.97168122279642
202,YCR091W,2.66873612104487
203,YMR308C,13.04235608140124
204,YMR276W,110.26337259440557
205,YLR248W,24.97302266281595
206,YJL006C,15.496709009128471
207,YGR204W,31.77801900828595
208,YPL042C,204.98165364533463
209,YDR516C,11.68148506393428
210,YER089C,5.03533996718713
211,YER164W,114.83090597932053
212,YBL056W,10.69859498863677
213,YMR171C,82.93520530838359
214,YBR028C,9.340369120511891
215,YPL043W,120.9602349020666
216,YOR233W,26.606494361054168
217,YKL190W,17.64837544559108
218,YOL113W,10.59148628162808
219,YNL027W,97.24981582730658
220,YDL108W,16.93004183881406
221,YPL141C,38.37493754234747
222,YFR013W,11.55651800788775
223,YJL128C,142.41497014009488
224,YDR167W,178.95977059930016
225,YKR024C,117.64383213097749
226,YNL289W,33.28627339735121
227,YMR311C,154.71753636611245
228,YPL267W,70.4269457123559
229,YER174C,14.91288184260949
230,YNL107W,202.2447636150078
231,YKR010C,263.4641103597508
232,YNL085W,31.231205823048626
233,YOR018W,82.93520530838359
234,YBR160W,192.56584965206406
235,YMR033W,32.432737360712785
236,YFR019W,2.99451890040477
237,YPL219W,37.3208920909234
238,YJL010C,36.33637639133709
239,YEL055C,140.2713900439524
240,YNL118C,26.67855562921062
241,YGR071C,46.840269537947314
242,YGL090W,33.477275862259866
243,YHR107C,66.68133813019386
244,YMR102C,21.7879553003541
245,YLR373C,46.840269537947314
246,YER110C,27.567331476212846
247,YLL008W,168.9835410840083
248,YER052C,50.89715696010756
249,YBR081C,185.56861077203334
250,YLR019W,205.58707234107996
251,YJL184W,15.07905047120439
252,YOR151C,133.65811206627706
253,YNR023W,144.97744433544048
254,YJL076W,431.08892809128065
255,YMR275C,88.65877104980434
256,YOR201C,150.72153547447215
257,YDL159W,137.3157133859579
258,YPR041W,16.94631717585822
259,YHL007C,38.45534008267507
260,YOR090C,3.11727309595691
261,YPR163C,17.54555580869729
262,YNL006W,168.94346939404426
263,YNL084C,59.633902738336396
264,YJL053W,50.03768971517365
265,YIL122W,28.89544968972665
266,YOR231W,139.07022097267617
267,YDR497C,116.07586348612294
268,YBR039W,74.10842748821426
269,YLR226W,24.862748385943988
270,YKL088W,27.828130032684108
271,YMR139W,49.054342834664574
272,YML111W,137.5193119172654
273,YGL205W,117.64383213097749
274,YGR002C,96.16784421671028
275,YGL003C,22.1284655320808
276,YML117W,59.84370305780497
277,YDL084W,27.567331476212846
278,YIL045W,170.86734185441705
279,YKL014C,66.75742410984573
280,YBR059C,156.4460530021816
281,YDR238C,57.50891657124107
282,YDL053C,121.23721469263123
283,YGL197W,210.5712279993179
284,YPR025C,16.93004183881406
285,YGL195W,88.75474298874957
286,YER123W,7.34052334129265
287,YBR095C,17.23116849038667
288,YHR121W,74.81986220999087
289,YMR086W,17.61755720069475
290,YPR008W,114.01105966410881
291,YJL066C,93.80779450403097
292,YHR058C,138.89729939683443
293,YMR047C,73.52399867483716
294,YER155C,202.26477101298914
295,YBL037W,14.44033487971943
296,YDR477W,203.24385865677573
297,YDR348C,82.93520530838359
298,YKL064W,101.95314429306866
299,YER022W,138.89729939683443
300,YDR211W,138.58827554923255
301,YNL175C,134.05084558236086
302,YLR430W,154.71753636611245
303,YGR159C,23.926095071757516
304,YJR092W,54.02483818419938
305,YIL109C,28.045965012140016
306,YGL100W,115.95675666243433
307,YLR337C,55.664025529380375
308,YDL127W,38.25883602640318
309,YDL079C,51.3615586770718
310,YGL009C,8.598061262440051
311,YGL093W,85.83369961959161
312,YOL067C,32.432737360712785
313,YDL006W,94.61514206772637
314,YOR206W,96.37819159051195
315,YDR212W,126.92675402513117
316,YFR024C-A,48.98837829736552
317,YFR002W,23.20881083014693
318,YNL183C,187.3253267487366
319,YKL081W,23.926095071757516
320,YER178W,32.93970790445247
321,YHR135C,58.48239758203308
322,YPR016C,204.37525234656016
323,YPL031C,134.67285499755027
324,YNL295W,66.67332479486542
325,YDR229W,46.20131801436238
326,YMR319C,14.91288184260949
327,YGR188C,5.92932514139518
328,YOR209C,17.434520145346657
329,YHR033W,62.682879904786155
330,YIL094C,26.919750977502105
331,YBR130C,17.54555580869729
332,YOR326W,74.4434219578043
333,YHR012W,50.03768971517365
334,YBR093C,12.75081151646841
335,YNL112W,19.288078525172473
336,YJL061W,102.95720856526754
337,YGR252W,178.95977059930016
338,YGR233C,42.538228943073285
339,YOR078W,154.71753636611245
340,YER105C,11.55651800788775
341,YKL074C,17.78527720227977
342,YCL028W,29.668119061945603
343,YAL014C,154.71753636611245
344,YGL111W,213.33310719237556
345,YGR162W,70.67063792454849
346,YGR070W,50.373378105529895
347,YLR116W,17.78527720227977
348,YNL265C,28.573579194395805
349,YBL064C,10.23370888882808
350,YGR068C,94.17103340398488
351,YNL002C,228.57276676567687
352,YNL025C,102.47787461213261
353,YMR068W,66.75742410984573
354,YBR083W,60.104394475615855
355,YOR061W,478.93843650983854
356,YJL014W,88.34569691326709
357,YOR046C,69.38240590493882
358,YOL010W,66.67332479486542
359,YGL059W,4.60008167968344
360,YNR016C,41.873818900852186
361,YER125W,188.67644419397558
362,YGL099W,27.6522912032282
363,YDR145W,178.95977059930016
364,YER027C,36.173255018422715
365,YNL001W,143.29683399178154
366,YPR119W,78.28081543390203
367,YER041W,33.477275862259866
368,YLR362W,14.5606084288118
369,YMR214W,10.981874820714511
370,YNL307C,217.89169740282557
371,YOR224C,127.44664811550797
372,YKR038C,15.07905047120439
373,YDL161W,39.437334466551576
374,YDR127W,57.50891657124107
375,YPL140C,153.68176191733082
376,YIL151C,96.44844942924132
377,YDL230W,90.13743839719594
378,YLR096W,449.58243118489116
379,YHR030C,201.2334183861883
380,YEL018W,96.16784421671028
381,YLR180W,96.94152374116699
382,YFL024C,202.2447636150078
383,YGR005C,127.44664811550797
384,YJL095W,309.45688046929945
385,YBL051C,97.24981582730658
386,YJL005W,66.67332479486542
387,YMR116C,50.373378105529895
388,YJL039C,23.20881083014693
389,YLL001W,98.38023140212916
390,YOR171C,7.246778296483289
391,YCL035C,31.778019008285945
392,YGR231C,6.900819755643411
393,YDR490C,70.48578936750462
394,YPR133C,87.76934346291279
395,YOL005C,129.38102021763285
396,YPL180W,145.17273613243802
397,YCL032W,14.5606084288118
398,YCR073C,28.135377394017862
399,YOL078W,144.71107422829505
400,YIL144W,85.34338754505067
401,YBR125C,64.70806774935237
402,YDR060W,38.37493754234747
403,YKL068W,73.52399867483715
404,YBR198C,178.95977059930016
405,YDR460W,16.93004183881406
406,YER165W,77.73389244143875
407,YPL118W,25.818642042856936
408,YER025W,267.13204866571624
409,YML025C,17.430835361925258
410,YDR443C,138.89729939683443
411,YJR082C,96.16784421671028
412,YCR008W,1.67726831984301
413,YER036C,39.05910610758963
414,YMR036C,234.59920803866063
415,YIL113W,20.421301309618798
416,YER040W,68.05058010006461
417,YPL209C,13.04235608140124
418,YJL172W,18.40347882794827
419,YOL036W,41.688706877723284
420,YAL043C,154.71753636611245
421,YIL095W,109.85737603431762
422,YDL031W,66.75742410984573
423,YOL116W,66.67332479486544
424,YOL138C,115.95675666243433
425,YKL161C,205.34273523840244
426,YNL217W,18.40347882794827
427,YHR013C,66.75742410984573
428,YIL026C,18.97168122279642
429,YGR237C,66.67332479486544
430,YOR178C,200.17745228257905
431,YHR016C,39.437334466551576
432,YIL129C,41.688706877723284
433,YDR168W,21.7879553003541
434,YER167W,282.5782030578935
435,YHR128W,6.52117804070062
436,YGR196C,12.94935164188756
437,YGR270W,46.840269537947314
438,YER111C,18.38601653623384
439,YJR059W,16.27445406701061
440,YGL049C,51.20436657576988
441,YPR191W,51.07762677869197
442,YIL125W,31.778019008285945
443,YDR176W,178.95977059930016
444,YOL016C,4.73320769228452
445,YKR058W,20.673201718696912
446,YGL105W,31.805567043149004
447,YHL025W,138.89729939683443
448,YER126C,97.46840620686675
449,YDR448W,193.0444603037949
450,YPL256C,48.84170979088701
451,YDL155W,226.68660916590662
452,YPL237W,154.71753636611245
453,YPL086C,66.67332479486544
454,YAL031C,154.71753636611245
455,YGL151W,138.89729939683443
456,YPL137C,131.37133907359762
457,YOR174W,138.89729939683443
458,YDR515W,24.862748385943988
459,YJR089W,13.04235608140124
460,YJL141C,84.64917766531858
461,YGL019W,257.9679991301287
462,YML074C,263.72644295498367
463,YAL016W,67.0237084736335
464,YFL049W,138.89729939683443
465,YLR133W,1.4400047761139
466,YAL017W,137.196896189888
467,YJL084C,82.93520530838359
468,YML036W,19.32592782421345
469,YJL041W,102.95720856526754
470,YCR028C-A,32.59769097950569
471,YHR143W-A,127.44664811550797
472,YPL204W,310.4391553238278
473,YPL016W,138.89729939683443
474,YHR102W,65.34169567035052
475,YKL080W,75.28854726572192
476,YCL043C,52.83480521811546
477,YBR225W,175.52677625581757
478,YBR260C,38.89525604217633
479,YJL176C,138.39570853786452
480,YBR156C,13.04235608140124
481,YER183C,66.67332479486544
482,YBR142W,144.75725199527096
483,YML102W,45.67167626022866
484,YDR457W,59.94331926138804
485,YDR480W,60.10439447561584
486,YCR030C,58.30039772378606
487,YKR096W,149.2054569324053
488,YBR200W,94.1883771045846
489,YMR079W,7.52896435778705
490,YPL026C,15.77080486186047
491,YGR140W,13.04235608140124
492,YLR423C,53.03965368646857
493,YKL103C,101.91848508192557
494,YDR359C,202.2447636150078
495,YBR018C,30.33624416719037
496,YPL049C,92.24216791360926
497,YPR143W,163.00491852826661
498,YPR010C,268.2439967767638
499,YLR210W,39.4708605268282
500,YLL013C,161.9305768235821
501,YER166W,12.05008052911988
502,YGR203W,4.17089271044293
503,YJL157C,69.0134350972472
504,YDR038C,18.40347882794827
505,YGR250C,34.14099066905803
506,YKR028W,42.89842221209814
507,YPL211W,154.71753636611245
508,YIL115C,141.05074953967636
509,YPR040W,54.75613319855268
510,YKL139W,15.315952755330319
511,YOR099W,18.40347882794827
512,YNL243W,64.17570939070544
513,YLR347C,22.718752557361125
514,YGL245W,31.805567043149004
515,YPR049C,89.42749038715922
516,YNR032W,46.544170662521864
517,YGR185C,27.564386791554092
518,YCL011C,67.70380061628774
519,YDR436W,27.828130032684108
520,YML016C,27.828130032684108
521,YOR298C-A,31.778019008285945
522,YIL078W,31.778019008285945
523,YNL004W,67.70380061628774
524,YMR172W,121.50960050718601
525,YNR035C,17.54555580869729
526,YDR466W,107.42160106582055
527,YIL053W,6.52117804070062
528,YPR185W,14.853169183195131
529,YPR111W,88.1163953039358
530,YBL007C,70.53474697782762
531,YDR424C,55.19262590650061
532,YLR005W,14.09823004897162
533,YNL222W,43.03126086224919
534,YPL129W,87.76934346291279
535,YDR130C,33.477275862259866
536,YDR381W,102.91265843421824
537,YCR016W,9.340369120511891
538,YFL018C,25.818642042856936
539,YKR081C,261.803602888869
540,YMR080C,97.24981582730658
541,YNL077W,14.693787286947703
542,YPR187W,127.44664811550797
543,YKL168C,39.87250351329181
544,YJL008C,27.567331476212846
545,YLR449W,204.37525234656013
546,YJR049C,15.77080486186047
547,YML103C,23.20881083014693
548,YDL140C,136.38574018856102
549,YML057W,43.12210677612831
550,YLL004W,33.477275862259866
551,YLR055C,185.56861077203334
552,YIL009W,38.37493754234747
553,YGL202W,3.26058902035031
554,YFL021W,28.89544968972665
555,YNR012W,6.52117804070062
556,YKL089W,85.83369961959161
557,YLR342W,235.97273980975694
558,YDL014W,97.46840620686675
559,YHR161C,55.66402552938037
560,YGR161C,114.25915202067024
561,YBR109C,126.61110933402671
562,YOR207C,62.682879904786155
563,YNR047W,11.55651800788775
564,YGL207W,71.24426223224106
565,YGR184C,37.275891602236484
566,YPL169C,27.16685251732602
567,YNL007C,34.940626191328505
568,YPR164W,78.51449474882008
569,YFR015C,299.76638509016567
570,YDL101C,135.59562604633894
571,YOR329C,154.71753636611243
572,YFL033C,129.47581679489494
573,YGR080W,12.51477205252838
574,YOR208W,28.658054376600862
575,YPL120W,5.98903780080954
576,YGR103W,329.80921671207
577,YGR240C,83.83229392154541
578,YBL004W,117.64383213097749
579,YLR108C,31.627546719712598
580,YOR368W,14.949804355917268
581,YOL001W,93.71855769896618
582,YNL032W,6.52117804070062
583,YER132C,237.14665520506762
584,YNL225C,18.30868002202087
585,YLR433C,16.70725351060213
586,YPL047W,96.16784421671028
587,YER114C,64.40665133235402
588,YDR308C,138.89729939683443
589,YGR090W,218.100215606849
590,YJL209W,117.64383213097749
591,YPR159W,68.77182571873094
592,YMR131C,31.339258250103107
593,YDR247W,292.19891530921757
594,YEL062W,109.19628975352185
595,YDL225W,66.68133813019386
596,YLL003W,75.76545147651841
597,YPL179W,4.73320769228452
598,YDR499W,24.69464890366042
599,YDR475C,146.31322543228168
600,YNL099C,6.52117804070062
601,YMR205C,27.70285221135605
602,YOL045W,4.59878391101218
603,YOL100W,1.4079928799138
604,YNL199C,19.18838629218999
605,YBL079W,68.79420442498348
606,YMR236W,96.16784421671028
607,YGL229C,59.34722912025875
608,YPL149W,17.23116849038667
609,YLR192C,25.818642042856936
610,YGR262C,18.348786121933742
611,YPL078C,4.67178722024778
612,YKL203C,255.3633470589203
613,YDR283C,194.71595233688166
614,YIL033C,87.56445188014924
615,YFR001W,204.37525234656013
616,YMR049C,329.4638493118419
617,YGL120C,97.5261125909073
618,YPL153C,76.70994799840683
619,YDL214C,31.990565578151266
620,YKL140W,55.720615384067806
621,YBR133C,50.03768971517365
622,YDR383C,85.83369961959161
623,YDR251W,107.42160106582055
624,YJL173C,24.69464890366042
625,YDR439W,138.4419976448589
626,YIL042C,42.68013022327911
627,YOR353C,68.17899903377055
628,YLR314C,66.68133813019386
629,YJL164C,88.57531942900545
630,YDL028C,138.07651250324284
631,YLR113W,175.81969827331318
632,YOR069W,22.85802560331973
633,YNL138W,12.22864498591181
634,YER139C,87.76934346291279
635,YGL190C,159.1800229116402
636,YPR047W,50.373378105529895
637,YDL117W,42.34626607191566
638,YDL215C,28.045965012140016
639,YCL024W,113.2750748765668
640,YKL129C,117.64383213097749
641,YNL042W,15.77080486186047
642,YCL054W,204.37525234656013
643,YBR221C,25.818642042856936
644,YLR223C,57.207082113025734
645,YGR097W,477.32019836804227
646,YMR270C,166.05848651677488
647,YNL189W,61.79882960511275
648,YBL047C,92.61403886844738
649,YPR181C,151.14043546227026
650,YLR182W,75.56733885549967
651,YCR009C,42.321855457094884
652,YOR265W,103.8507639888594
653,YNL047C,66.75742410984573
654,YML006C,233.00478598047766
655,YDR379W,26.67855562921062
656,YER062C,6.52117804070062
657,YKL101W,25.317708761544907
658,YDR206W,110.27626224316799
659,YLR368W,27.567331476212846
660,YKL062W,201.56156674358857
661,YDR087C,306.1952158990603
662,YPL012W,142.05973911099207
663,YMR291W,8.598061262440051
664,YBR084W,103.65808636180371
665,YIL051C,13.938987199353521
666,YCR081W,138.89729939683443
667,YGL073W,96.16784421671028
668,YDR507C,182.0119309480916
669,YMR076C,18.97168122279642
670,YER120W,17.78527720227977
671,YGR130C,60.214340724741746
672,YOL063C,27.652291203228195
673,YOR272W,108.48119033853615
674,YMR104C,7.16688987558895
675,YBL088C,5.66325502144964
676,YGR198W,7.63706191395727
677,YPR120C,68.60120204144717
678,YPL247C,84.64917766531859
679,YKL198C,31.778019008285945
680,YOR026W,5.92932514139518
681,YPR162C,33.477275862259866
682,YGL216W,12.75404815266684
683,YOL051W,138.89729939683443
684,YER133W,295.49696705397236
685,YPR042C,103.8507639888594
686,YIR023W,32.432737360712785
687,YKL193C,131.98928450771766
688,YIL154C,185.04977603558063
689,YLR258W,232.46149941210416
690,YNL061W,263.95917872177495
691,YBL050W,154.71753636611245
692,YDR195W,154.71753636611245
693,YCL031C,55.690304297243856
694,YNL053W,44.713763021999235
695,YDR299W,104.68233465734832
696,YNL233W,154.71753636611245
697,YJR076C,66.68133813019386
698,YGL158W,286.27108795468143
699,YGL127C,138.89729939683443
700,YMR012W,32.3778838773108
701,YIR026C,136.27238662987338
702,YDL132W,7.85937293136249
703,YGL106W,113.85140311367961
704,YJR053W,85.83369961959161
705,YHR170W,27.652291203228195
706,YER107C,73.52399867483715
707,YGR156W,154.71753636611245
708,YDR020C,6.52117804070062
709,YDL188C,55.672779749228674
710,YKL082C,45.930484514086814
711,YFR040W,34.92592784746568
712,YIR006C,65.4913337273841
713,YIR003W,42.346266071915664
714,YKL009W,97.46840620686676
715,YER095W,3.26058902035031
716,YHR099W,227.34124422697832
717,YOR017W,125.34098241139384
718,YER015W,103.43340286592706
719,YER028C,57.50891657124107
720,YLR240W,6.35591854885136
721,YHR052W,312.65194296288
722,YJR057W,133.96323816767796
723,YPR161C,23.504419830760376
724,YMR261C,9.51569694110539
725,YML091C,242.983089713937
726,YBL105C,28.327592351258062
727,YMR212C,7.63706191395727
728,YGL112C,211.83513872620856
729,YER033C,97.65647422678927
730,YDR207C,19.188386292189985
731,YLR215C,154.71753636611245
732,YLR067C,136.11752276229606
733,YNL267W,3.26058902035031
734,YOR127W,15.45796168133907
735,YDL179W,36.922889796122384
736,YAR007C,24.69464890366042
737,YMR100W,22.128465532080796
738,YMR223W,178.95977059930016
739,YAL025C,97.46840620686676
740,YDL060W,31.339258250103107
741,YJL123C,14.638023949141573
742,YDR239C,146.8648236180345
743,YHR158C,203.31802490967064
744,YDR028C,222.51613677934833
745,YCL014W,54.024838184199375
746,YGL066W,178.95977059930016
747,YPL217C,66.67332479486544
748,YOR227W,154.71753636611245
749,YCR079W,25.818642042856936
750,YNL132W,97.33217296558504
751,YML109W,50.89715696010756
752,YNL229C,141.1063733494846
753,YGL119W,2.66873612104487
754,YPL235W,39.773289503458386
755,YIL105C,166.93001305733847
756,YGL134W,141.79172892039213
757,YDL066W,94.27658254616856
758,YMR295C,86.61520051794538
759,YFL047W,117.64383213097747
760,YDL025C,31.805567043149004
761,YJR064W,50.89715696010756
762,YOR081C,62.682879904786155
763,YKL204W,41.688706877723284
764,YOR027W,31.29732469703221
765,YGR032W,28.025641178554707
766,YIL021W,129.38102021763285
767,YGR109C,61.91095421639278
768,YDR162C,150.5816146131994
769,YLR208W,68.77182571873094
770,YDR523C,3.26058902035031
771,YOR341W,206.09494248246787
772,YDL017W,3.26058902035031
773,YGR193C,25.818642042856936
774,YLR386W,16.11376471936718
775,YGL113W,33.477275862259866
776,YDR143C,17.23116849038667
777,YJR144W,63.7083236986525
778,YKL001C,124.83750324952888
779,YDR217C,46.840269537947314
780,YJR066W,323.6589489632547
781,YPL109C,8.598061262440051
782,YJR112W,85.83369961959161
783,YKL194C,87.76934346291279
784,YGL156W,82.99999516547454
785,YKL104C,25.715882401623503
786,YML010W,129.38102021763285
787,YBL009W,39.93481420327817
788,YOR119C,241.32348155737563
789,YBR001C,27.567331476212846
790,YJL181W,38.25883602640318
791,YFL029C,32.235687088712574
792,YLR310C,228.81829157859428
793,YOL130W,83.74091128658661
794,YJL140W,129.38102021763285
795,YER049W,38.37493754234747
796,YOR109W,8.006208363134611
797,YNL207W,256.9544996361456
798,YKR072C,27.828130032684108
799,YGR092W,230.11693545783967
800,YLR175W,119.23609171516344
801,YMR159C,17.23116849038667
802,YDR328C,34.62617411521732
803,YLR371W,50.373378105529895
804,YER006W,204.32634074843685
805,YIR010W,85.83369961959161
806,YDR122W,214.30334834095703
807,YOL128C,28.56875846079728
808,YLR190W,38.25883602640318
809,YER018C,85.83369961959161
810,YBR136W,24.69464890366042
811,YKL042W,138.94793867394307
812,YDR170C,118.2573081995209
813,YNL074C,15.45796168133907
814,YMR064W,117.64383213097747
815,YDR148C,3.26058902035031
816,YJL137C,20.67320171869691
817,YKR048C,140.2251114866616
818,YGR020C,18.778945079100477
819,YKL116C,35.65348981433228
820,YLR305C,102.09577958922635
821,YOR295W,55.690304297243856
822,YHR090C,96.16784421671028
823,YPL070W,30.6645143874928
824,YJL081C,178.95977059930016
825,YKL142W,41.688706877723284
826,YLR071C,138.8972993968344
827,YLL021W,12.949351641887562
828,YPR115W,48.99288984016954
829,YBR275C,230.82325883424545
830,YOR210W,166.71144525237122
831,YIL070C,197.58295882795943
832,YDR071C,17.83169067560899
833,YER177W,313.58312826504175
834,YPL124W,117.07483425564966
835,YOR014W,30.11446096394149
836,YAR019C,31.063634226396022
837,YLR002C,206.15582783191732
838,YDR392W,178.95977059930016
839,YGR186W,129.38102021763285
840,YNL136W,96.16784421671028
841,YPR088C,50.373378105529895
842,YAR018C,74.97574334894136
843,YNL076W,208.31167816040616
844,YLL019C,36.3363763913371
845,YBR247C,14.00063129407019
846,YIL035C,267.05455958487187
847,YBR289W,138.8972993968344
848,YHR084W,92.24216791360926
849,YDR422C,23.660014615876616
850,YBR274W,146.84326192486742
851,YOR323C,25.818642042856936
852,YDL042C,271.4621811599986
853,YCR088W,35.57867473430613
854,YMR117C,85.34338754505067
855,YPR110C,190.6977157691153
856,YER093C,40.543208612330425
857,YIL050W,33.286273397351216
858,YDL069C,117.64383213097747
859,YKL126W,75.10927736135426
860,YJR090C,7.85937293136249
861,YPL260W,97.46840620686676
862,YDR356W,136.9633854386241
863,YGL252C,16.02088492734936
864,YPL150W,1.4400047761139
865,YMR001C,18.97168122279642
866,YER054C,228.79549418018482
867,YNL241C,14.29311565847986
868,YKR092C,97.46840620686676
