protein,score
YGR085C,0.9999999999996858
YNL067W,0.8947077312381976
YNL069C,0.8356478274299942
YPL198W,0.8229949480856356
YBR067C,0.815071538975433
YOR007C,0.8039133203102717
YGR214W,0.7888006796714367
YBR177C,0.7850537733804616
YMR186W,0.7796760655153792
YLR441C,0.7775983324398229
YDR214W,0.7741860243971969
YKL006W,0.773086973855634
YLR043C,0.7720239902503959
YOR230W,0.769363013269644
YFR053C,0.7683158698428488
YBL072C,0.7677522836753831
YNL052W,0.7667567526581724
YLR448W,0.7636581046080728
YOR388C,0.7608178932538016
YPL058C,0.7607955683557351
YHL033C,0.7601024148857015
YPL081W,0.7599475393520424
YLR333C,0.7577626489359234
YLL041C,0.7559160566755485
YDR471W,0.755839702029693
YCR004C,0.754600978794938
YER141W,0.754166320568631
YPL106C,0.7535896902697466
YDR127W,0.7488538514938008
YBR221C,0.7482329067297695
YCR073W-A,0.748094604510835
YJL136C,0.7479839407289374
YPL206C,0.746019116358357
YDL075W,0.7459124196999677
YLR150W,0.7455329362244697
YML028W,0.7441118924138229
YOR332W,0.7437604050681522
YER007C-A,0.7437324602160768
YAL039C,0.7422788526966867
YKL150W,0.741916802209652
YDL066W,0.7414330312680273
YNL255C,0.7410169383356042
YGL125W,0.7409531226708014
YKL080W,0.7409439196857982
YPL004C,0.7406093009025468
YMR205C,0.7403853426307634
YNL071W,0.740376683300599
YER086W,0.7402800238250817
YMR307W,0.739208494834223
YIL125W,0.7390017556345932
YMR173W,0.7383560785479546
YBR159W,0.7383358424141134
YGR234W,0.7383175543403522
YBL099W,0.7383119484838812
YPL061W,0.7382327008895
YKL003C,0.7377248765055104
YAR002C-A,0.7375649316000494
YJR104C,0.7374225222648363
YGR250C,0.7373505339177464
YGR204W,0.7371830160887552
YJL130C,0.7369184103724854
YBL027W,0.7368014715575464
YLR264W,0.7364282558065172
YPR004C,0.736420077659153
YLR325C,0.7361410376529375
YOR096W,0.7357964435255515
YDR502C,0.7357553033191461
YGR192C,0.7357482664118606
YDL131W,0.735677999769594
YBR031W,0.7356077218985205
YLL026W,0.7354949264893303
YML001W,0.7354800015133965
YOR187W,0.7353311423977194
YOR234C,0.735056961371722
YDL144C,0.7349036141035559
YJL052W,0.7348536843276703
YDR115W,0.7344240900407596
YNL055C,0.7337716489597624
YOL058W,0.7337452307214768
YGR161C,0.7337181342336804
YJR145C,0.733624446905005
YMR142C,0.733400585493535
YEL011W,0.7331720500591021
YJR117W,0.7330761581428771
YMR108W,0.7329431169087678
YOR375C,0.7326921623381503
YLR089C,0.7325364002515912
YMR241W,0.7324901893257516
YNL277W,0.7322156578688728
YDR483W,0.7321683448574197
YBR137W,0.7321410795758844
YFL036W,0.7320330019129957
YKL170W,0.7320206686538224
YHR010W,0.7320191702495955
YPL090C,0.7319143758871941
YBR126C,0.731307379029193
YOR136W,0.7312272622004244
YOL027C,0.7310703910974184
YDR457W,0.730881180277424
YGR143W,0.7305951408679994
YNL157W,0.7305709548892273
YPL053C,0.7303231947116412
YDR516C,0.7300243608749237
YNL016W,0.7297146021215152
YOR185C,0.7296686546535146
YDR525W-A,0.7294683039251977
YMR311C,0.7292854257118462
YGR279C,0.7292820329543068
YOL083W,0.7291728511859848
YOR027W,0.7290772387150348
YER065C,0.7287187775264501
YDR418W,0.728690064141214
YBR048W,0.7286076182064856
YBR025C,0.7286065144984201
YKR057W,0.7285643760574951
YDR296W,0.7284987969652612
YKR048C,0.7284835785534796
YOR039W,0.728470599763497
YKL067W,0.7284353683272412
YMR083W,0.7284052087440213
YPL013C,0.7281589200122569
YNL045W,0.7280030810662866
YOR369C,0.7278867478960306
YGL173C,0.7278320156879095
YER088C,0.7278172038441194
YER090W,0.7278124865511324
YPL154C,0.7277674767978475
YLR399C,0.7276796287843563
YJL080C,0.727671579182781
YML055W,0.7276478043059723
YPR069C,0.7275525898470305
YJR113C,0.7275321759181893
YDR335W,0.7274915850068139
YBR072W,0.727482588400494
YMR099C,0.7274598410501928
YLR450W,0.727403037251113
YDR174W,0.7273835254780942
YAL062W,0.7272879379167688
YDR099W,0.7272398345414621
YKR014C,0.7272353511426937
YMR012W,0.7271861876623573
YER048C,0.7270530586445991
YBR222C,0.72704778705311
YLR418C,0.7269732783961697
YHR174W,0.7268836415796824
YNL333W,0.7268359877066665
YGR180C,0.7268304776310891
YCR028C-A,0.7268180827611953
YMR272C,0.7267425305496362
YER017C,0.726732217078352
YOR267C,0.7267067688420952
YGL107C,0.7266940758731595
YBR169C,0.7266787271782726
YML009C,0.7266461545382181
YCR024C-A,0.7266159269025935
YML100W,0.7266104284345701
YEL017W,0.7266000772584987
YLR203C,0.7265810524233159
YKL032C,0.7265706945502144
YDR294C,0.7265648688309954
YHL029C,0.7265423380455441
YBL064C,0.7265339864144218
YER073W,0.7264979927140727
YDR012W,0.7264821633015296
YDL248W,0.7264750496382768
YOR184W,0.7264706030393959
YHR112C,0.7264510535620934
YNL315C,0.7264368472567883
YEL071W,0.7264295827854542
YAL042W,0.7264016538534885
YDL045W-A,0.7263530305567089
YNL030W,0.7262164928960325
YKL157W,0.7261576704975904
YMR004W,0.7261501208090948
YGR020C,0.7261470760570774
YKR067W,0.726113984667916
YKL214C,0.7260344177908568
YOR150W,0.7260319928872785
YML075C,0.7259872486742148
YMR242C,0.7259458365293673
YDL116W,0.7259164168352896
YHR146W,0.7258891414778738
YHR208W,0.7258785203477889
YBR010W,0.7258021596739497
YMR120C,0.7257652963607106
YBR086C,0.7257571246119184
YJR010W,0.7257462637454584
YHL020C,0.7257304023467936
YLR028C,0.7257023246657506
YLR172C,0.7256970709802957
YPL220W,0.7256930238637412
YIL053W,0.7256358898870398
YNL010W,0.7256333920233667
YBR101C,0.7255782874226128
YER083C,0.7255727937143028
YNL096C,0.7255719937020212
YER174C,0.7255666139963505
YJL063C,0.7255527692393923
YML072C,0.7255173420923726
YHR161C,0.7255137635930429
YOR065W,0.7255067166486682
YKL181W,0.7254727929455884
YOR290C,0.7254615608230145
YHR064C,0.7254591987804505
YMR237W,0.7254148375066637
YPR191W,0.7253641030409197
YMR110C,0.7253460108557045
YEL041W,0.7253457392796481
YIL107C,0.7253423592448455
YMR038C,0.7253377301803139
YOR021C,0.7253233713607817
YNL032W,0.7252569914977741
YDL171C,0.7251347180866065
YKL190W,0.7251136328357581
YIL070C,0.7250481381911071
YKL016C,0.7250340467938969
YPL078C,0.7250231716289786
YBL045C,0.7250049769180638
YFL007W,0.7250049401895265
YOL049W,0.7250048036380361
YIL094C,0.7250000273456403
YDR071C,0.7249614495673676
YNL284C,0.7249507600250554
YKL201C,0.7249338168361087
YFL016C,0.7249322529094863
YHL025W,0.724919296205777
YLR388W,0.724912993754965
YEL037C,0.7248327358153095
YEL052W,0.7248172396076581
YDR150W,0.72481106951125
YDL192W,0.7248003103825131
YPR036W,0.72473346414006
YKL148C,0.7247143224557864
YGR276C,0.7247031005228393
YLR257W,0.7246783565667198
YMR315W,0.7246267037577879
YBR205W,0.7246007663152062
YCR069W,0.7245978038855458
YER052C,0.7245471582307357
YDR399W,0.7245383452530418
YJR148W,0.7245012212721931
YJL096W,0.7244950446224632
YBR278W,0.7244718306898962
YPL109C,0.7244290599018955
YDL191W,0.7244280164576382
YHR037W,0.7244074535592354
YNL239W,0.7244028262040393
YIL074C,0.7243945068198502
YNL099C,0.7243901744187506
YBR146W,0.7243575613618001
YOL147C,0.7243370088106568
YLR344W,0.724334028769845
YMR116C,0.7243222005075435
YNL183C,0.7243038766869697
YKL065C,0.7242999741629484
YER156C,0.7242983960127111
YKR031C,0.7242002093499494
YLR099C,0.7241916199908072
YNL085W,0.7241458092764411
YMR145C,0.7241064910748793
YER120W,0.7240820977612672
YML012W,0.724075726870382
YPR097W,0.7240716538894132
YBL033C,0.7240145422671805
YPR148C,0.7239970612718875
YBR263W,0.723981869113673
YPR029C,0.7239721413307562
YCR009C,0.7239416957411698
YLR150W,0.7239371909966893
YBL022C,0.72393048607769
YIL033C,0.7239278642365932
YGR132C,0.7239215338322434
YIR003W,0.7239028744679377
YPR145W,0.7239017999725841
YJL138C,0.723900697362506
YLR439W,0.7238820118811772
YNR036C,0.7238598653635997
YLR367W,0.72384947120327
YER053C,0.7238479440144556
YNL209W,0.7238450324433557
YMR089C,0.7238303558499793
YOR356W,0.7238262789710128
YHL001W,0.72381226272584
YOR303W,0.7237935442996382
YDL198C,0.7237681122901736
YNL168C,0.7237562436879335
YBR127C,0.7237244044347395
YHR025W,0.7237077370819159
YCR030C,0.7236955379339004
YMR297W,0.7236785511299889
YNR001C,0.7236649703844013
YEL051W,0.7236438091931667
YNL027W,0.7236357066418264
YDR135C,0.7236302947138099
YFL028C,0.7236273844505142
YGR193C,0.7235644787292851
YLR406C,0.7235204245859977
YDR382W,0.7235068435180653
YOR251C,0.7234920653575486
YML024W,0.723480037836285
YBR185C,0.7234521113328213
YGR149W,0.723438710491876
YMR246W,0.7234238456493393
YFL018C,0.7234136618040192
YGR232W,0.7233968754493966
YNR031C,0.7233938853741484
YGL031C,0.7233840178138569
YDR148C,0.7233759102623604
YBR103W,0.7233391871223079
YCR084C,0.7233297502699962
YFR010W,0.7233147007739495
YMR037C,0.723300096988627
YFL046W,0.7232741489624269
YKR054C,0.7232572353529664
YGR148C,0.723246683922452
YOR276W,0.723225100107329
YCR033W,0.723183126996193
YER031C,0.7231745328254652
YDL100C,0.7231564222591944
YER072W,0.7231453535023582
YKL100C,0.7231376093841424
YPR057W,0.7231112646968344
YJL004C,0.7230899274565381
YEL015W,0.7230841979577477
YGR178C,0.7230694189484163
YOR173W,0.7230481228239845
YDL099W,0.7230370774165592
YKL064W,0.7230367973991031
YBR001C,0.7230166000827711
YBR139W,0.723012884651404
YML124C,0.7229944045484137
YPR129W,0.7229513272169703
YEL036C,0.7229324796675353
YOR323C,0.7229304423964383
YPL111W,0.7229058216184906
YLR044C,0.7229016874150901
YOR316C,0.7228827348521284
YBR189W,0.7228616023915804
YPR051W,0.7228454994987039
YBR162C,0.7228319262938949
YLR301W,0.7228274802210434
YDR405W,0.722821287329315
YFR001W,0.7228204772675548
YER020W,0.7228168196473663
YDR074W,0.7228127157895572
YNL212W,0.722794421915156
