src_idx,dst_idx,weight
465,723,3.6326
736,206,3.6326
756,907,3.6326
756,761,3.6326
28,397,3.6326
28,18,3.6326
28,490,3.6326
456,669,3.6326
122,41,3.6326
78,665,3.6326
82,798,3.6326
200,135,3.6326
200,247,3.6326
80,696,3.6326
893,307,3.6326
893,148,3.6326
730,340,3.6326
730,480,3.6326
111,326,3.6326
15,48,3.6326
532,437,3.6326
4,501,3.6326
417,409,3.6326
245,420,3.6326
245,791,3.6326
10,662,3.6326
10,649,3.6326
189,133,3.6326
189,535,3.6326
189,352,3.6326
189,888,3.6326
189,593,3.6326
189,831,3.6326
189,373,3.6326
189,737,3.6326
189,901,3.6326
189,485,3.6326
189,609,3.6326
257,712,3.6326
138,296,3.6326
394,390,3.6326
394,481,3.6326
311,36,3.6326
685,360,3.6326
742,772,3.6326
423,822,3.6326
423,7,3.6326
426,259,3.6326
319,284,3.6326
23,696,3.6326
606,104,3.6326
76,125,3.6326
76,91,3.6326
547,52,3.6326
547,666,3.6326
547,220,3.6326
288,30,3.6326
83,890,3.6326
83,738,3.6326
503,373,3.6326
816,705,3.6326
816,803,3.6326
33,655,3.6326
418,884,3.6326
618,740,3.6326
101,455,3.6326
101,1,3.6326
101,376,3.6326
612,241,3.6326
286,686,3.6326
286,681,3.6326
8,735,3.6326
121,584,3.6326
493,148,3.6326
177,660,3.6326
177,345,3.6326
279,199,3.6326
27,810,3.6326
218,128,3.6326
130,607,3.6326
515,137,3.6326
515,665,3.6326
515,182,3.6326
515,369,3.6326
191,909,3.6326
340,36,3.6326
340,835,3.6326
340,73,3.6326
340,608,3.6326
646,907,3.6326
699,751,3.6326
627,313,3.6326
634,345,3.6326
653,773,3.6326
711,651,3.6326
508,910,3.6326
221,44,3.6326
525,241,3.6326
525,776,3.6326
525,13,3.6326
525,605,3.6326
906,701,3.6326
906,788,3.6326
787,386,3.6326
885,898,3.6326
642,856,3.6326
410,104,3.6326
410,378,3.6326
284,211,3.6326
645,87,3.6326
601,357,3.6326
66,104,3.6326
670,166,3.6326
655,126,3.6326
762,87,3.6326
434,47,3.6326
164,832,3.6326
237,595,3.6326
56,753,3.6326
537,500,3.6326
537,225,3.6326
824,902,3.6326
295,72,3.6326
295,828,3.6326
229,828,3.6326
59,610,3.6326
159,732,3.6326
159,625,3.6326
159,600,3.6326
159,638,3.6326
159,19,3.6326
159,398,3.6326
159,147,3.6326
159,353,3.6326
58,208,3.6326
512,614,3.6326
512,482,3.6326
458,754,3.6326
458,436,3.6326
327,800,3.6326
476,213,3.6326
476,416,3.6326
476,650,3.6326
476,664,3.6326
476,285,3.6326
476,626,3.6326
246,355,3.6326
246,106,3.6326
805,719,3.6326
805,133,3.6326
805,51,3.6326
805,838,3.6326
805,450,3.6326
805,39,3.6326
805,758,3.6326
805,432,3.6326
805,785,3.6326
763,463,3.6326
727,538,3.6326
727,335,3.6326
125,355,3.6326
125,731,3.6326
743,874,3.6326
88,696,3.6326
217,764,3.6326
877,81,3.6326
150,134,3.6326
136,317,3.6326
359,572,3.6326
260,153,3.6326
590,261,3.6326
564,330,3.6326
210,170,3.6326
210,349,3.6326
55,888,3.6326
662,115,3.6326
320,158,3.6326
320,332,3.6326
719,836,3.6326
719,833,3.6326
719,383,3.6326
719,671,3.6326
719,667,3.6326
377,789,3.6326
287,494,3.6326
706,544,3.6326
706,411,3.6326
95,32,3.6326
297,470,3.6326
740,623,3.6326
740,823,3.6326
740,414,3.6326
740,741,3.6326
262,64,3.6326
133,303,3.6326
133,485,3.6326
190,556,3.6326
757,332,3.6326
283,358,3.6326
283,45,3.6326
855,697,3.6326
46,445,3.6326
195,388,3.6326
619,3,3.6326
639,269,3.6326
639,864,3.6326
594,652,3.6326
114,243,3.6326
896,651,3.6326
904,847,3.6326
904,764,3.6326
904,431,3.6326
829,242,3.6326
520,856,3.6326
84,513,3.6326
65,780,3.6326
879,296,3.6326
726,548,3.6326
521,31,3.6326
212,636,3.6326
17,108,3.6326
118,750,3.6326
591,293,3.6326
884,216,3.6326
313,765,3.6326
48,729,3.6326
174,731,3.6326
633,462,3.6326
633,97,3.6326
222,405,3.6326
222,768,3.6326
746,496,3.6326
296,644,3.6326
391,691,3.6326
486,615,3.6326
31,34,3.6326
31,148,3.6326
449,868,3.6326
845,67,3.6326
510,447,3.6326
54,799,3.6326
536,696,3.6326
444,277,3.6326
444,724,3.6326
444,683,3.6326
155,836,3.6326
247,390,3.6326
185,446,3.6326
185,24,3.6326
185,894,3.6326
368,811,3.6326
158,549,3.6326
853,355,3.6326
853,209,3.6326
669,555,3.6326
231,269,3.6326
231,843,3.6326
231,424,3.6326
523,549,3.6326
523,641,3.6326
523,843,3.6326
523,148,3.6326
544,321,3.6326
544,652,3.6326
704,696,3.6326
421,366,3.6326
421,499,3.6326
421,723,3.6326
411,819,3.6326
411,414,3.6326
411,236,3.6326
666,374,3.6326
666,361,3.6326
666,485,3.6326
666,370,3.6326
747,67,3.6326
747,626,3.6326
60,361,3.6326
85,96,3.6326
475,714,3.6326
334,856,3.6326
331,453,3.6326
331,668,3.6326
331,489,3.6326
331,448,3.6326
331,50,3.6326
331,338,3.6326
331,511,3.6326
202,624,3.6326
176,365,3.6326
487,167,3.6326
419,526,3.6326
233,314,3.6326
387,744,3.6326
707,228,3.6326
585,509,3.6326
585,457,3.6326
553,18,3.6326
553,483,3.6326
553,490,3.6326
553,67,3.6326
459,22,3.6326
143,263,3.6326
143,373,3.6326
143,557,3.6326
143,349,3.6326
567,380,3.6326
567,776,3.6326
836,384,3.6326
836,241,3.6326
836,916,3.6326
836,252,3.6326
836,546,3.6326
836,688,3.6326
836,667,3.6326
836,179,3.6326
836,37,3.6326
836,720,3.6326
836,396,3.6326
836,708,3.6326
549,702,3.6326
549,157,3.6326
549,298,3.6326
309,782,3.6326
698,492,3.6326
208,467,3.6326
535,812,3.6326
535,831,3.6326
621,471,3.6326
412,376,3.6326
909,79,3.6326
909,643,3.6326
909,342,3.6326
277,201,3.6326
624,255,3.6326
902,716,3.6326
902,457,3.6326
68,696,3.6326
68,376,3.6326
660,640,3.6326
660,551,3.6326
660,679,3.6326
178,293,3.6326
453,350,3.6326
367,617,3.6326
367,438,3.6326
367,269,3.6326
44,346,3.6326
308,374,3.6326
308,171,3.6326
308,793,3.6326
478,207,3.6326
478,903,3.6326
478,495,3.6326
543,529,3.6326
543,858,3.6326
513,873,3.6326
406,739,3.6326
406,113,3.6326
502,678,3.6326
355,97,3.6326
172,920,3.6326
153,399,3.6326
303,351,3.6326
303,241,3.6326
303,831,3.6326
303,148,3.6326
303,250,3.6326
654,905,3.6326
524,852,3.6326
47,232,3.6326
589,230,3.6326
849,780,3.6326
374,3,3.6326
433,561,3.6326
433,428,3.6326
433,516,3.6326
433,12,3.6326
254,209,3.6326
599,731,3.6326
256,542,3.6326
154,468,3.6326
154,848,3.6326
154,332,3.6326
661,329,3.6326
146,651,3.6326
267,330,3.6326
267,87,3.6326
871,592,3.6326
731,227,3.6326
731,695,3.6326
2,784,3.6326
2,160,3.6326
344,144,3.6326
344,435,3.6326
351,361,3.6326
351,290,3.6326
812,593,3.6326
812,831,3.6326
812,373,3.6326
812,901,3.6326
812,485,3.6326
812,26,3.6326
812,609,3.6326
452,869,3.6326
86,568,3.6326
86,796,3.6326
696,694,3.6326
696,728,3.6326
696,166,3.6326
696,713,3.6326
696,291,3.6326
696,565,3.6326
539,74,3.6326
352,831,3.6326
175,562,3.6326
34,357,3.6326
905,588,3.6326
162,776,3.6326
162,148,3.6326
266,203,3.6326
293,430,3.6326
293,687,3.6326
826,9,3.6326
137,745,3.6326
137,516,3.6326
137,566,3.6326
733,769,3.6326
89,173,3.6326
140,400,3.6326
328,18,3.6326
328,290,3.6326
895,407,3.6326
518,499,3.6326
460,197,3.6326
834,108,3.6326
124,630,3.6326
151,587,3.6326
416,804,3.6326
526,440,3.6326
333,343,3.6326
464,360,3.6326
623,827,3.6326
854,869,3.6326
780,280,3.6326
496,6,3.6326
474,803,3.6326
110,665,3.6326
748,605,3.6326
748,788,3.6326
3,171,3.6326
3,248,3.6326
3,770,3.6326
3,676,3.6326
92,361,3.6326
603,13,3.6326
603,788,3.6326
603,69,3.6326
497,554,3.6326
777,332,3.6326
120,253,3.6326
436,626,3.6326
183,239,3.6326
183,253,3.6326
635,563,3.6326
105,572,3.6326
715,631,3.6326
405,768,3.6326
405,665,3.6326
405,182,3.6326
781,90,3.6326
781,477,3.6326
781,385,3.6326
781,659,3.6326
781,882,3.6326
781,382,3.6326
397,442,3.6326
820,562,3.6326
180,531,3.6326
841,568,3.6326
841,796,3.6326
357,49,3.6326
357,206,3.6326
665,123,3.6326
665,43,3.6326
665,489,3.6326
665,886,3.6326
665,337,3.6326
665,766,3.6326
665,304,3.6326
665,318,3.6326
665,265,3.6326
665,725,3.6326
665,566,3.6326
484,187,3.6326
61,332,3.6326
552,651,3.6326
607,41,3.6326
607,361,3.6326
607,181,3.6326
607,214,3.6326
607,238,3.6326
607,507,3.6326
697,336,3.6326
697,778,3.6326
420,791,3.6326
533,108,3.6326
165,0,3.6326
563,900,3.6326
563,26,3.6326
281,322,3.6326
281,282,3.6326
556,414,3.6326
556,41,3.6326
556,361,3.6326
556,506,3.6326
586,62,3.6326
586,289,3.6326
598,887,3.6326
598,651,3.6326
598,163,3.6326
339,108,3.6326
584,530,3.6326
301,545,3.6326
620,170,3.6326
358,680,3.6326
358,631,3.6326
358,658,3.6326
358,353,3.6326
558,809,3.6326
648,859,3.6326
632,108,3.6326
442,469,3.6326
442,605,3.6326
442,209,3.6326
18,489,3.6326
18,628,3.6326
18,253,3.6326
18,531,3.6326
891,184,3.6326
96,519,3.6326
168,74,3.6326
888,831,3.6326
888,907,3.6326
611,186,3.6326
579,0,3.6326
573,759,3.6326
505,264,3.6326
657,531,3.6326
325,437,3.6326
325,230,3.6326
205,93,3.6326
71,268,3.6326
462,703,3.6326
462,913,3.6326
53,651,3.6326
93,197,3.6326
817,116,3.6326
451,282,3.6326
215,112,3.6326
569,752,3.6326
602,626,3.6326
57,830,3.6326
437,429,3.6326
437,788,3.6326
392,425,3.6326
392,389,3.6326
371,376,3.6326
656,148,3.6326
75,100,3.6326
617,381,3.6326
617,316,3.6326
617,253,3.6326
299,74,3.6326
393,667,3.6326
819,129,3.6326
408,40,3.6326
473,628,3.6326
182,304,3.6326
182,677,3.6326
182,566,3.6326
786,667,3.6326
767,755,3.6326
852,749,3.6326
852,192,3.6326
443,531,3.6326
691,570,3.6326
330,575,3.6326
760,802,3.6326
760,214,3.6326
760,370,3.6326
36,73,3.6326
830,306,3.6326
830,472,3.6326
807,441,3.6326
783,145,3.6326
908,489,3.6326
99,148,3.6326
637,38,3.6326
889,672,3.6326
616,63,3.6326
241,271,3.6326
241,846,3.6326
241,310,3.6326
914,332,3.6326
401,100,3.6326
401,790,3.6326
592,107,3.6326
776,678,3.6326
776,363,3.6326
776,658,3.6326
776,814,3.6326
425,897,3.6326
915,910,3.6326
850,790,3.6326
850,541,3.6326
414,570,3.6326
414,918,3.6326
390,684,3.6326
821,209,3.6326
240,867,3.6326
673,809,3.6326
41,108,3.6326
41,692,3.6326
689,206,3.6326
689,872,3.6326
361,793,3.6326
361,108,3.6326
5,678,3.6326
5,667,3.6326
14,323,3.6326
271,148,3.6326
285,404,3.6326
468,595,3.6326
97,626,3.6326
194,913,3.6326
842,402,3.6326
593,794,3.6326
461,38,3.6326
258,570,3.6326
20,752,3.6326
479,38,3.6326
540,870,3.6326
831,373,3.6326
831,901,3.6326
831,485,3.6326
831,609,3.6326
831,803,3.6326
831,356,3.6326
341,108,3.6326
21,148,3.6326
152,527,3.6326
152,429,3.6326
152,119,3.6326
779,771,3.6326
779,169,3.6326
860,921,3.6326
100,236,3.6326
100,196,3.6326
813,369,3.6326
413,275,3.6326
700,919,3.6326
846,148,3.6326
440,651,3.6326
578,514,3.6326
156,312,3.6326
142,148,3.6326
142,209,3.6326
142,651,3.6326
142,332,3.6326
818,107,3.6326
863,911,3.6326
583,148,3.6326
801,108,3.6326
375,447,3.6326
721,206,3.6326
483,235,3.6326
674,866,3.6326
674,622,3.6326
917,883,3.6326
917,149,3.6326
161,198,3.6326
887,117,3.6326
679,774,3.6326
490,67,3.6326
859,372,3.6326
678,491,3.6326
678,717,3.6326
678,651,3.6326
678,839,3.6326
116,209,3.6326
116,447,3.6326
116,379,3.6326
868,35,3.6326
868,517,3.6326
868,347,3.6326
868,403,3.6326
365,560,3.6326
109,11,3.6326
223,324,3.6326
795,87,3.6326
501,448,3.6326
13,269,3.6326
13,94,3.6326
13,415,3.6326
856,439,3.6326
244,723,3.6326
244,554,3.6326
354,276,3.6326
734,582,3.6326
25,259,3.6326
663,396,3.6326
504,276,3.6326
184,188,3.6326
559,554,3.6326
693,815,3.6326
16,709,3.6326
862,466,3.6326
862,499,3.6326
749,809,3.6326
867,519,3.6326
789,554,3.6326
206,840,3.6326
206,774,3.6326
366,912,3.6326
528,797,3.6326
373,485,3.6326
278,197,3.6326
737,492,3.6326
395,148,3.6326
395,837,3.6326
274,835,3.6326
274,571,3.6326
270,827,3.6326
270,865,3.6326
875,651,3.6326
861,370,3.6326
861,626,3.6326
29,40,3.6326
471,253,3.6326
790,907,3.6326
322,282,3.6326
550,844,3.6326
667,892,3.6326
667,576,3.6326
667,534,3.6326
667,127,3.6326
289,613,3.6326
300,806,3.6326
489,148,3.6326
580,658,3.6326
710,651,3.6326
134,290,3.6326
148,793,3.6326
148,881,3.6326
148,844,3.6326
148,792,3.6326
148,495,3.6326
148,12,3.6326
148,492,3.6326
398,131,3.6326
454,197,3.6326
652,808,3.6326
576,209,3.6326
647,542,3.6326
396,157,3.6326
302,488,3.6326
302,881,3.6326
488,348,3.6326
251,793,3.6326
911,42,3.6326
323,290,3.6326
898,682,3.6326
835,608,3.6326
139,87,3.6326
214,253,3.6326
294,519,3.6326
741,717,3.6326
315,651,3.6326
226,595,3.6326
227,98,3.6326
94,87,3.6326
209,844,3.6326
209,792,3.6326
209,22,3.6326
70,658,3.6326
70,718,3.6326
70,498,3.6326
775,447,3.6326
348,881,3.6326
362,798,3.6326
577,204,3.6326
577,857,3.6326
658,814,3.6326
204,596,3.6326
439,201,3.6326
883,827,3.6326
883,531,3.6326
198,234,3.6326
198,675,3.6326
198,626,3.6326
198,435,3.6326
197,912,3.6326
250,485,3.6326
542,376,3.6326
87,626,3.6326
651,102,3.6326
651,103,3.6326
651,305,3.6326
651,851,3.6326
604,864,3.6326
400,370,3.6326
400,626,3.6326
400,332,3.6326
400,876,3.6326
108,626,3.6326
825,447,3.6326
880,132,3.6326
581,457,3.6326
422,376,3.6326
272,259,3.6326
67,899,3.6326
67,628,3.6326
574,722,3.6326
509,457,3.6326
193,858,3.6326
516,761,3.6326
26,364,3.6326
26,690,3.6326
629,878,3.6326
292,492,3.6326
224,253,3.6326
219,273,3.6326
626,864,3.6326
522,141,3.6326
332,249,3.6326
554,597,3.6326
864,77,3.6326
